orgId,m_min,threshold,metric,n_eligible,n_total,frac_eligible
ANA3,3,0.05,iqr_g,3667,3668,0.9997273718647764
ANA3,3,0.1,iqr_g,3643,3668,0.9931842966194111
ANA3,3,0.15,iqr_g,3475,3668,0.9473827699018539
ANA3,3,0.2,iqr_g,3149,3668,0.858505997818975
ANA3,3,0.3,iqr_g,2369,3668,0.645856052344602
ANA3,3,0.5,iqr_g,1251,3668,0.3410577971646674
ANA3,5,0.05,iqr_g,3667,3668,0.9997273718647764
ANA3,5,0.1,iqr_g,3643,3668,0.9931842966194111
ANA3,5,0.15,iqr_g,3475,3668,0.9473827699018539
ANA3,5,0.2,iqr_g,3149,3668,0.858505997818975
ANA3,5,0.3,iqr_g,2369,3668,0.645856052344602
ANA3,5,0.5,iqr_g,1251,3668,0.3410577971646674
ANA3,10,0.05,iqr_g,3667,3668,0.9997273718647764
ANA3,10,0.1,iqr_g,3643,3668,0.9931842966194111
ANA3,10,0.15,iqr_g,3475,3668,0.9473827699018539
ANA3,10,0.2,iqr_g,3149,3668,0.858505997818975
ANA3,10,0.3,iqr_g,2369,3668,0.645856052344602
ANA3,10,0.5,iqr_g,1251,3668,0.3410577971646674
ANA3,15,0.05,iqr_g,3667,3668,0.9997273718647764
ANA3,15,0.1,iqr_g,3643,3668,0.9931842966194111
ANA3,15,0.15,iqr_g,3475,3668,0.9473827699018539
ANA3,15,0.2,iqr_g,3149,3668,0.858505997818975
ANA3,15,0.3,iqr_g,2369,3668,0.645856052344602
ANA3,15,0.5,iqr_g,1251,3668,0.3410577971646674
ANA3,20,0.05,iqr_g,3667,3668,0.9997273718647764
ANA3,20,0.1,iqr_g,3643,3668,0.9931842966194111
ANA3,20,0.15,iqr_g,3475,3668,0.9473827699018539
ANA3,20,0.2,iqr_g,3149,3668,0.858505997818975
ANA3,20,0.3,iqr_g,2369,3668,0.645856052344602
ANA3,20,0.5,iqr_g,1251,3668,0.3410577971646674
ANA3,30,0.05,iqr_g,3667,3668,0.9997273718647764
ANA3,30,0.1,iqr_g,3643,3668,0.9931842966194111
ANA3,30,0.15,iqr_g,3475,3668,0.9473827699018539
ANA3,30,0.2,iqr_g,3149,3668,0.858505997818975
ANA3,30,0.3,iqr_g,2369,3668,0.645856052344602
ANA3,30,0.5,iqr_g,1251,3668,0.3410577971646674
ANA3,50,0.05,iqr_g,3667,3668,0.9997273718647764
ANA3,50,0.1,iqr_g,3643,3668,0.9931842966194111
ANA3,50,0.15,iqr_g,3475,3668,0.9473827699018539
ANA3,50,0.2,iqr_g,3149,3668,0.858505997818975
ANA3,50,0.3,iqr_g,2369,3668,0.645856052344602
ANA3,50,0.5,iqr_g,1251,3668,0.3410577971646674
BFirm,3,0.05,iqr_g,5428,5428,1.0
BFirm,3,0.1,iqr_g,5381,5428,0.9913411938098747
BFirm,3,0.15,iqr_g,5043,5428,0.9290714812085483
BFirm,3,0.2,iqr_g,4319,5428,0.7956890198968313
BFirm,3,0.3,iqr_g,2657,5428,0.48949889462048635
BFirm,3,0.5,iqr_g,934,5428,0.1720707442888725
BFirm,5,0.05,iqr_g,5428,5428,1.0
BFirm,5,0.1,iqr_g,5381,5428,0.9913411938098747
BFirm,5,0.15,iqr_g,5043,5428,0.9290714812085483
BFirm,5,0.2,iqr_g,4319,5428,0.7956890198968313
BFirm,5,0.3,iqr_g,2657,5428,0.48949889462048635
BFirm,5,0.5,iqr_g,934,5428,0.1720707442888725
BFirm,10,0.05,iqr_g,5428,5428,1.0
BFirm,10,0.1,iqr_g,5381,5428,0.9913411938098747
BFirm,10,0.15,iqr_g,5043,5428,0.9290714812085483
BFirm,10,0.2,iqr_g,4319,5428,0.7956890198968313
BFirm,10,0.3,iqr_g,2657,5428,0.48949889462048635
BFirm,10,0.5,iqr_g,934,5428,0.1720707442888725
BFirm,15,0.05,iqr_g,5428,5428,1.0
BFirm,15,0.1,iqr_g,5381,5428,0.9913411938098747
BFirm,15,0.15,iqr_g,5043,5428,0.9290714812085483
BFirm,15,0.2,iqr_g,4319,5428,0.7956890198968313
BFirm,15,0.3,iqr_g,2657,5428,0.48949889462048635
BFirm,15,0.5,iqr_g,934,5428,0.1720707442888725
BFirm,20,0.05,iqr_g,5428,5428,1.0
BFirm,20,0.1,iqr_g,5381,5428,0.9913411938098747
BFirm,20,0.15,iqr_g,5043,5428,0.9290714812085483
BFirm,20,0.2,iqr_g,4319,5428,0.7956890198968313
BFirm,20,0.3,iqr_g,2657,5428,0.48949889462048635
BFirm,20,0.5,iqr_g,934,5428,0.1720707442888725
BFirm,30,0.05,iqr_g,5428,5428,1.0
BFirm,30,0.1,iqr_g,5381,5428,0.9913411938098747
BFirm,30,0.15,iqr_g,5043,5428,0.9290714812085483
BFirm,30,0.2,iqr_g,4319,5428,0.7956890198968313
BFirm,30,0.3,iqr_g,2657,5428,0.48949889462048635
BFirm,30,0.5,iqr_g,934,5428,0.1720707442888725
BFirm,50,0.05,iqr_g,5428,5428,1.0
BFirm,50,0.1,iqr_g,5381,5428,0.9913411938098747
BFirm,50,0.15,iqr_g,5043,5428,0.9290714812085483
BFirm,50,0.2,iqr_g,4319,5428,0.7956890198968313
BFirm,50,0.3,iqr_g,2657,5428,0.48949889462048635
BFirm,50,0.5,iqr_g,934,5428,0.1720707442888725
Btheta,3,0.05,iqr_g,4055,4055,1.0
Btheta,3,0.1,iqr_g,4012,4055,0.9893958076448829
Btheta,3,0.15,iqr_g,3667,4055,0.9043156596794082
Btheta,3,0.2,iqr_g,3114,4055,0.7679408138101109
Btheta,3,0.3,iqr_g,2088,4055,0.5149198520345253
Btheta,3,0.5,iqr_g,884,4055,0.21800246609124538
Btheta,5,0.05,iqr_g,4055,4055,1.0
Btheta,5,0.1,iqr_g,4012,4055,0.9893958076448829
Btheta,5,0.15,iqr_g,3667,4055,0.9043156596794082
Btheta,5,0.2,iqr_g,3114,4055,0.7679408138101109
Btheta,5,0.3,iqr_g,2088,4055,0.5149198520345253
Btheta,5,0.5,iqr_g,884,4055,0.21800246609124538
Btheta,10,0.05,iqr_g,4055,4055,1.0
Btheta,10,0.1,iqr_g,4012,4055,0.9893958076448829
Btheta,10,0.15,iqr_g,3667,4055,0.9043156596794082
Btheta,10,0.2,iqr_g,3114,4055,0.7679408138101109
Btheta,10,0.3,iqr_g,2088,4055,0.5149198520345253
Btheta,10,0.5,iqr_g,884,4055,0.21800246609124538
Btheta,15,0.05,iqr_g,4055,4055,1.0
Btheta,15,0.1,iqr_g,4012,4055,0.9893958076448829
Btheta,15,0.15,iqr_g,3667,4055,0.9043156596794082
Btheta,15,0.2,iqr_g,3114,4055,0.7679408138101109
Btheta,15,0.3,iqr_g,2088,4055,0.5149198520345253
Btheta,15,0.5,iqr_g,884,4055,0.21800246609124538
Btheta,20,0.05,iqr_g,4055,4055,1.0
Btheta,20,0.1,iqr_g,4012,4055,0.9893958076448829
Btheta,20,0.15,iqr_g,3667,4055,0.9043156596794082
Btheta,20,0.2,iqr_g,3114,4055,0.7679408138101109
Btheta,20,0.3,iqr_g,2088,4055,0.5149198520345253
Btheta,20,0.5,iqr_g,884,4055,0.21800246609124538
Btheta,30,0.05,iqr_g,4055,4055,1.0
Btheta,30,0.1,iqr_g,4012,4055,0.9893958076448829
Btheta,30,0.15,iqr_g,3667,4055,0.9043156596794082
Btheta,30,0.2,iqr_g,3114,4055,0.7679408138101109
Btheta,30,0.3,iqr_g,2088,4055,0.5149198520345253
Btheta,30,0.5,iqr_g,884,4055,0.21800246609124538
Btheta,50,0.05,iqr_g,4055,4055,1.0
Btheta,50,0.1,iqr_g,4012,4055,0.9893958076448829
Btheta,50,0.15,iqr_g,3667,4055,0.9043156596794082
Btheta,50,0.2,iqr_g,3114,4055,0.7679408138101109
Btheta,50,0.3,iqr_g,2088,4055,0.5149198520345253
Btheta,50,0.5,iqr_g,884,4055,0.21800246609124538
Burk376,3,0.05,iqr_g,5077,5153,0.9852513099165535
Burk376,3,0.1,iqr_g,4497,5153,0.8726955171744615
Burk376,3,0.15,iqr_g,3549,5153,0.6887250145546284
Burk376,3,0.2,iqr_g,2618,5153,0.5080535610324083
Burk376,3,0.3,iqr_g,1415,5153,0.2745973219483796
Burk376,3,0.5,iqr_g,492,5153,0.09547836211915389
Burk376,5,0.05,iqr_g,5077,5153,0.9852513099165535
Burk376,5,0.1,iqr_g,4497,5153,0.8726955171744615
Burk376,5,0.15,iqr_g,3549,5153,0.6887250145546284
Burk376,5,0.2,iqr_g,2618,5153,0.5080535610324083
Burk376,5,0.3,iqr_g,1415,5153,0.2745973219483796
Burk376,5,0.5,iqr_g,492,5153,0.09547836211915389
Burk376,10,0.05,iqr_g,5077,5153,0.9852513099165535
Burk376,10,0.1,iqr_g,4497,5153,0.8726955171744615
Burk376,10,0.15,iqr_g,3549,5153,0.6887250145546284
Burk376,10,0.2,iqr_g,2618,5153,0.5080535610324083
Burk376,10,0.3,iqr_g,1415,5153,0.2745973219483796
Burk376,10,0.5,iqr_g,492,5153,0.09547836211915389
Burk376,15,0.05,iqr_g,0,5153,0.0
Burk376,15,0.1,iqr_g,0,5153,0.0
Burk376,15,0.15,iqr_g,0,5153,0.0
Burk376,15,0.2,iqr_g,0,5153,0.0
Burk376,15,0.3,iqr_g,0,5153,0.0
Burk376,15,0.5,iqr_g,0,5153,0.0
Burk376,20,0.05,iqr_g,0,5153,0.0
Burk376,20,0.1,iqr_g,0,5153,0.0
Burk376,20,0.15,iqr_g,0,5153,0.0
Burk376,20,0.2,iqr_g,0,5153,0.0
Burk376,20,0.3,iqr_g,0,5153,0.0
Burk376,20,0.5,iqr_g,0,5153,0.0
Burk376,30,0.05,iqr_g,0,5153,0.0
Burk376,30,0.1,iqr_g,0,5153,0.0
Burk376,30,0.15,iqr_g,0,5153,0.0
Burk376,30,0.2,iqr_g,0,5153,0.0
Burk376,30,0.3,iqr_g,0,5153,0.0
Burk376,30,0.5,iqr_g,0,5153,0.0
Burk376,50,0.05,iqr_g,0,5153,0.0
Burk376,50,0.1,iqr_g,0,5153,0.0
Burk376,50,0.15,iqr_g,0,5153,0.0
Burk376,50,0.2,iqr_g,0,5153,0.0
Burk376,50,0.3,iqr_g,0,5153,0.0
Burk376,50,0.5,iqr_g,0,5153,0.0
Caulo,3,0.05,iqr_g,3312,3312,1.0
Caulo,3,0.1,iqr_g,3305,3312,0.9978864734299517
Caulo,3,0.15,iqr_g,3113,3312,0.9399154589371981
Caulo,3,0.2,iqr_g,2654,3312,0.8013285024154589
Caulo,3,0.3,iqr_g,1757,3312,0.5304951690821256
Caulo,3,0.5,iqr_g,872,3312,0.2632850241545894
Caulo,5,0.05,iqr_g,3312,3312,1.0
Caulo,5,0.1,iqr_g,3305,3312,0.9978864734299517
Caulo,5,0.15,iqr_g,3113,3312,0.9399154589371981
Caulo,5,0.2,iqr_g,2654,3312,0.8013285024154589
Caulo,5,0.3,iqr_g,1757,3312,0.5304951690821256
Caulo,5,0.5,iqr_g,872,3312,0.2632850241545894
Caulo,10,0.05,iqr_g,3312,3312,1.0
Caulo,10,0.1,iqr_g,3305,3312,0.9978864734299517
Caulo,10,0.15,iqr_g,3113,3312,0.9399154589371981
Caulo,10,0.2,iqr_g,2654,3312,0.8013285024154589
Caulo,10,0.3,iqr_g,1757,3312,0.5304951690821256
Caulo,10,0.5,iqr_g,872,3312,0.2632850241545894
Caulo,15,0.05,iqr_g,3312,3312,1.0
Caulo,15,0.1,iqr_g,3305,3312,0.9978864734299517
Caulo,15,0.15,iqr_g,3113,3312,0.9399154589371981
Caulo,15,0.2,iqr_g,2654,3312,0.8013285024154589
Caulo,15,0.3,iqr_g,1757,3312,0.5304951690821256
Caulo,15,0.5,iqr_g,872,3312,0.2632850241545894
Caulo,20,0.05,iqr_g,3312,3312,1.0
Caulo,20,0.1,iqr_g,3305,3312,0.9978864734299517
Caulo,20,0.15,iqr_g,3113,3312,0.9399154589371981
Caulo,20,0.2,iqr_g,2654,3312,0.8013285024154589
Caulo,20,0.3,iqr_g,1757,3312,0.5304951690821256
Caulo,20,0.5,iqr_g,872,3312,0.2632850241545894
Caulo,30,0.05,iqr_g,3312,3312,1.0
Caulo,30,0.1,iqr_g,3305,3312,0.9978864734299517
Caulo,30,0.15,iqr_g,3113,3312,0.9399154589371981
Caulo,30,0.2,iqr_g,2654,3312,0.8013285024154589
Caulo,30,0.3,iqr_g,1757,3312,0.5304951690821256
Caulo,30,0.5,iqr_g,872,3312,0.2632850241545894
Caulo,50,0.05,iqr_g,3312,3312,1.0
Caulo,50,0.1,iqr_g,3305,3312,0.9978864734299517
Caulo,50,0.15,iqr_g,3113,3312,0.9399154589371981
Caulo,50,0.2,iqr_g,2654,3312,0.8013285024154589
Caulo,50,0.3,iqr_g,1757,3312,0.5304951690821256
Caulo,50,0.5,iqr_g,872,3312,0.2632850241545894
Cola,3,0.05,iqr_g,3951,3954,0.9992412746585736
Cola,3,0.1,iqr_g,3516,3954,0.8892261001517451
Cola,3,0.15,iqr_g,2508,3954,0.6342943854324734
Cola,3,0.2,iqr_g,1702,3954,0.430450177035913
Cola,3,0.3,iqr_g,903,3954,0.2283763277693475
Cola,3,0.5,iqr_g,425,3954,0.10748609003540718
Cola,5,0.05,iqr_g,3951,3954,0.9992412746585736
Cola,5,0.1,iqr_g,3516,3954,0.8892261001517451
Cola,5,0.15,iqr_g,2508,3954,0.6342943854324734
Cola,5,0.2,iqr_g,1702,3954,0.430450177035913
Cola,5,0.3,iqr_g,903,3954,0.2283763277693475
Cola,5,0.5,iqr_g,425,3954,0.10748609003540718
Cola,10,0.05,iqr_g,3951,3954,0.9992412746585736
Cola,10,0.1,iqr_g,3516,3954,0.8892261001517451
Cola,10,0.15,iqr_g,2508,3954,0.6342943854324734
Cola,10,0.2,iqr_g,1702,3954,0.430450177035913
Cola,10,0.3,iqr_g,903,3954,0.2283763277693475
Cola,10,0.5,iqr_g,425,3954,0.10748609003540718
Cola,15,0.05,iqr_g,3951,3954,0.9992412746585736
Cola,15,0.1,iqr_g,3516,3954,0.8892261001517451
Cola,15,0.15,iqr_g,2508,3954,0.6342943854324734
Cola,15,0.2,iqr_g,1702,3954,0.430450177035913
Cola,15,0.3,iqr_g,903,3954,0.2283763277693475
Cola,15,0.5,iqr_g,425,3954,0.10748609003540718
Cola,20,0.05,iqr_g,3951,3954,0.9992412746585736
Cola,20,0.1,iqr_g,3516,3954,0.8892261001517451
Cola,20,0.15,iqr_g,2508,3954,0.6342943854324734
Cola,20,0.2,iqr_g,1702,3954,0.430450177035913
Cola,20,0.3,iqr_g,903,3954,0.2283763277693475
Cola,20,0.5,iqr_g,425,3954,0.10748609003540718
Cola,30,0.05,iqr_g,3951,3954,0.9992412746585736
Cola,30,0.1,iqr_g,3516,3954,0.8892261001517451
Cola,30,0.15,iqr_g,2508,3954,0.6342943854324734
Cola,30,0.2,iqr_g,1702,3954,0.430450177035913
Cola,30,0.3,iqr_g,903,3954,0.2283763277693475
Cola,30,0.5,iqr_g,425,3954,0.10748609003540718
Cola,50,0.05,iqr_g,3951,3954,0.9992412746585736
Cola,50,0.1,iqr_g,3516,3954,0.8892261001517451
Cola,50,0.15,iqr_g,2508,3954,0.6342943854324734
Cola,50,0.2,iqr_g,1702,3954,0.430450177035913
Cola,50,0.3,iqr_g,903,3954,0.2283763277693475
Cola,50,0.5,iqr_g,425,3954,0.10748609003540718
Cup4G11,3,0.05,iqr_g,6384,6384,1.0
Cup4G11,3,0.1,iqr_g,6298,6384,0.9865288220551378
Cup4G11,3,0.15,iqr_g,5548,6384,0.8690476190476191
Cup4G11,3,0.2,iqr_g,4295,6384,0.6727756892230576
Cup4G11,3,0.3,iqr_g,2269,6384,0.35541979949874686
Cup4G11,3,0.5,iqr_g,770,6384,0.1206140350877193
Cup4G11,5,0.05,iqr_g,6384,6384,1.0
Cup4G11,5,0.1,iqr_g,6298,6384,0.9865288220551378
Cup4G11,5,0.15,iqr_g,5548,6384,0.8690476190476191
Cup4G11,5,0.2,iqr_g,4295,6384,0.6727756892230576
Cup4G11,5,0.3,iqr_g,2269,6384,0.35541979949874686
Cup4G11,5,0.5,iqr_g,770,6384,0.1206140350877193
Cup4G11,10,0.05,iqr_g,6384,6384,1.0
Cup4G11,10,0.1,iqr_g,6298,6384,0.9865288220551378
Cup4G11,10,0.15,iqr_g,5548,6384,0.8690476190476191
Cup4G11,10,0.2,iqr_g,4295,6384,0.6727756892230576
Cup4G11,10,0.3,iqr_g,2269,6384,0.35541979949874686
Cup4G11,10,0.5,iqr_g,770,6384,0.1206140350877193
Cup4G11,15,0.05,iqr_g,6384,6384,1.0
Cup4G11,15,0.1,iqr_g,6298,6384,0.9865288220551378
Cup4G11,15,0.15,iqr_g,5548,6384,0.8690476190476191
Cup4G11,15,0.2,iqr_g,4295,6384,0.6727756892230576
Cup4G11,15,0.3,iqr_g,2269,6384,0.35541979949874686
Cup4G11,15,0.5,iqr_g,770,6384,0.1206140350877193
Cup4G11,20,0.05,iqr_g,6384,6384,1.0
Cup4G11,20,0.1,iqr_g,6298,6384,0.9865288220551378
Cup4G11,20,0.15,iqr_g,5548,6384,0.8690476190476191
Cup4G11,20,0.2,iqr_g,4295,6384,0.6727756892230576
Cup4G11,20,0.3,iqr_g,2269,6384,0.35541979949874686
Cup4G11,20,0.5,iqr_g,770,6384,0.1206140350877193
Cup4G11,30,0.05,iqr_g,6384,6384,1.0
Cup4G11,30,0.1,iqr_g,6298,6384,0.9865288220551378
Cup4G11,30,0.15,iqr_g,5548,6384,0.8690476190476191
Cup4G11,30,0.2,iqr_g,4295,6384,0.6727756892230576
Cup4G11,30,0.3,iqr_g,2269,6384,0.35541979949874686
Cup4G11,30,0.5,iqr_g,770,6384,0.1206140350877193
Cup4G11,50,0.05,iqr_g,6384,6384,1.0
Cup4G11,50,0.1,iqr_g,6298,6384,0.9865288220551378
Cup4G11,50,0.15,iqr_g,5548,6384,0.8690476190476191
Cup4G11,50,0.2,iqr_g,4295,6384,0.6727756892230576
Cup4G11,50,0.3,iqr_g,2269,6384,0.35541979949874686
Cup4G11,50,0.5,iqr_g,770,6384,0.1206140350877193
Dda3937,3,0.05,iqr_g,3522,3705,0.9506072874493927
Dda3937,3,0.1,iqr_g,2807,3705,0.7576248313090418
Dda3937,3,0.15,iqr_g,1994,3705,0.538191632928475
Dda3937,3,0.2,iqr_g,1466,3705,0.3956815114709852
Dda3937,3,0.3,iqr_g,893,3705,0.24102564102564103
Dda3937,3,0.5,iqr_g,425,3705,0.11470985155195682
Dda3937,5,0.05,iqr_g,3522,3705,0.9506072874493927
Dda3937,5,0.1,iqr_g,2807,3705,0.7576248313090418
Dda3937,5,0.15,iqr_g,1994,3705,0.538191632928475
Dda3937,5,0.2,iqr_g,1466,3705,0.3956815114709852
Dda3937,5,0.3,iqr_g,893,3705,0.24102564102564103
Dda3937,5,0.5,iqr_g,425,3705,0.11470985155195682
Dda3937,10,0.05,iqr_g,0,3705,0.0
Dda3937,10,0.1,iqr_g,0,3705,0.0
Dda3937,10,0.15,iqr_g,0,3705,0.0
Dda3937,10,0.2,iqr_g,0,3705,0.0
Dda3937,10,0.3,iqr_g,0,3705,0.0
Dda3937,10,0.5,iqr_g,0,3705,0.0
Dda3937,15,0.05,iqr_g,0,3705,0.0
Dda3937,15,0.1,iqr_g,0,3705,0.0
Dda3937,15,0.15,iqr_g,0,3705,0.0
Dda3937,15,0.2,iqr_g,0,3705,0.0
Dda3937,15,0.3,iqr_g,0,3705,0.0
Dda3937,15,0.5,iqr_g,0,3705,0.0
Dda3937,20,0.05,iqr_g,0,3705,0.0
Dda3937,20,0.1,iqr_g,0,3705,0.0
Dda3937,20,0.15,iqr_g,0,3705,0.0
Dda3937,20,0.2,iqr_g,0,3705,0.0
Dda3937,20,0.3,iqr_g,0,3705,0.0
Dda3937,20,0.5,iqr_g,0,3705,0.0
Dda3937,30,0.05,iqr_g,0,3705,0.0
Dda3937,30,0.1,iqr_g,0,3705,0.0
Dda3937,30,0.15,iqr_g,0,3705,0.0
Dda3937,30,0.2,iqr_g,0,3705,0.0
Dda3937,30,0.3,iqr_g,0,3705,0.0
Dda3937,30,0.5,iqr_g,0,3705,0.0
Dda3937,50,0.05,iqr_g,0,3705,0.0
Dda3937,50,0.1,iqr_g,0,3705,0.0
Dda3937,50,0.15,iqr_g,0,3705,0.0
Dda3937,50,0.2,iqr_g,0,3705,0.0
Dda3937,50,0.3,iqr_g,0,3705,0.0
Dda3937,50,0.5,iqr_g,0,3705,0.0
Ddia6719,3,0.05,iqr_g,3129,3528,0.8869047619047619
Ddia6719,3,0.1,iqr_g,2171,3528,0.6153628117913832
Ddia6719,3,0.15,iqr_g,1380,3528,0.391156462585034
Ddia6719,3,0.2,iqr_g,885,3528,0.2508503401360544
Ddia6719,3,0.3,iqr_g,456,3528,0.1292517006802721
Ddia6719,3,0.5,iqr_g,164,3528,0.046485260770975055
Ddia6719,5,0.05,iqr_g,3129,3528,0.8869047619047619
Ddia6719,5,0.1,iqr_g,2171,3528,0.6153628117913832
Ddia6719,5,0.15,iqr_g,1380,3528,0.391156462585034
Ddia6719,5,0.2,iqr_g,885,3528,0.2508503401360544
Ddia6719,5,0.3,iqr_g,456,3528,0.1292517006802721
Ddia6719,5,0.5,iqr_g,164,3528,0.046485260770975055
Ddia6719,10,0.05,iqr_g,0,3528,0.0
Ddia6719,10,0.1,iqr_g,0,3528,0.0
Ddia6719,10,0.15,iqr_g,0,3528,0.0
Ddia6719,10,0.2,iqr_g,0,3528,0.0
Ddia6719,10,0.3,iqr_g,0,3528,0.0
Ddia6719,10,0.5,iqr_g,0,3528,0.0
Ddia6719,15,0.05,iqr_g,0,3528,0.0
Ddia6719,15,0.1,iqr_g,0,3528,0.0
Ddia6719,15,0.15,iqr_g,0,3528,0.0
Ddia6719,15,0.2,iqr_g,0,3528,0.0
Ddia6719,15,0.3,iqr_g,0,3528,0.0
Ddia6719,15,0.5,iqr_g,0,3528,0.0
Ddia6719,20,0.05,iqr_g,0,3528,0.0
Ddia6719,20,0.1,iqr_g,0,3528,0.0
Ddia6719,20,0.15,iqr_g,0,3528,0.0
Ddia6719,20,0.2,iqr_g,0,3528,0.0
Ddia6719,20,0.3,iqr_g,0,3528,0.0
Ddia6719,20,0.5,iqr_g,0,3528,0.0
Ddia6719,30,0.05,iqr_g,0,3528,0.0
Ddia6719,30,0.1,iqr_g,0,3528,0.0
Ddia6719,30,0.15,iqr_g,0,3528,0.0
Ddia6719,30,0.2,iqr_g,0,3528,0.0
Ddia6719,30,0.3,iqr_g,0,3528,0.0
Ddia6719,30,0.5,iqr_g,0,3528,0.0
Ddia6719,50,0.05,iqr_g,0,3528,0.0
Ddia6719,50,0.1,iqr_g,0,3528,0.0
Ddia6719,50,0.15,iqr_g,0,3528,0.0
Ddia6719,50,0.2,iqr_g,0,3528,0.0
Ddia6719,50,0.3,iqr_g,0,3528,0.0
Ddia6719,50,0.5,iqr_g,0,3528,0.0
DdiaME23,3,0.05,iqr_g,3531,3761,0.938846051582026
DdiaME23,3,0.1,iqr_g,2514,3761,0.6684392448816804
DdiaME23,3,0.15,iqr_g,1600,3761,0.425418771603297
DdiaME23,3,0.2,iqr_g,1112,3761,0.29566604626429144
DdiaME23,3,0.3,iqr_g,622,3761,0.1653815474607817
DdiaME23,3,0.5,iqr_g,324,3761,0.08614730124966764
DdiaME23,5,0.05,iqr_g,3531,3761,0.938846051582026
DdiaME23,5,0.1,iqr_g,2514,3761,0.6684392448816804
DdiaME23,5,0.15,iqr_g,1600,3761,0.425418771603297
DdiaME23,5,0.2,iqr_g,1112,3761,0.29566604626429144
DdiaME23,5,0.3,iqr_g,622,3761,0.1653815474607817
DdiaME23,5,0.5,iqr_g,324,3761,0.08614730124966764
DdiaME23,10,0.05,iqr_g,3531,3761,0.938846051582026
DdiaME23,10,0.1,iqr_g,2514,3761,0.6684392448816804
DdiaME23,10,0.15,iqr_g,1600,3761,0.425418771603297
DdiaME23,10,0.2,iqr_g,1112,3761,0.29566604626429144
DdiaME23,10,0.3,iqr_g,622,3761,0.1653815474607817
DdiaME23,10,0.5,iqr_g,324,3761,0.08614730124966764
DdiaME23,15,0.05,iqr_g,0,3761,0.0
DdiaME23,15,0.1,iqr_g,0,3761,0.0
DdiaME23,15,0.15,iqr_g,0,3761,0.0
DdiaME23,15,0.2,iqr_g,0,3761,0.0
DdiaME23,15,0.3,iqr_g,0,3761,0.0
DdiaME23,15,0.5,iqr_g,0,3761,0.0
DdiaME23,20,0.05,iqr_g,0,3761,0.0
DdiaME23,20,0.1,iqr_g,0,3761,0.0
DdiaME23,20,0.15,iqr_g,0,3761,0.0
DdiaME23,20,0.2,iqr_g,0,3761,0.0
DdiaME23,20,0.3,iqr_g,0,3761,0.0
DdiaME23,20,0.5,iqr_g,0,3761,0.0
DdiaME23,30,0.05,iqr_g,0,3761,0.0
DdiaME23,30,0.1,iqr_g,0,3761,0.0
DdiaME23,30,0.15,iqr_g,0,3761,0.0
DdiaME23,30,0.2,iqr_g,0,3761,0.0
DdiaME23,30,0.3,iqr_g,0,3761,0.0
DdiaME23,30,0.5,iqr_g,0,3761,0.0
DdiaME23,50,0.05,iqr_g,0,3761,0.0
DdiaME23,50,0.1,iqr_g,0,3761,0.0
DdiaME23,50,0.15,iqr_g,0,3761,0.0
DdiaME23,50,0.2,iqr_g,0,3761,0.0
DdiaME23,50,0.3,iqr_g,0,3761,0.0
DdiaME23,50,0.5,iqr_g,0,3761,0.0
Dino,3,0.05,iqr_g,3175,3187,0.9962347034828993
Dino,3,0.1,iqr_g,3038,3187,0.9532475682459993
Dino,3,0.15,iqr_g,2689,3187,0.84374019454032
Dino,3,0.2,iqr_g,2141,3187,0.6717916535927204
Dino,3,0.3,iqr_g,1169,3187,0.366802635707562
Dino,3,0.5,iqr_g,418,3187,0.13115782867900846
Dino,5,0.05,iqr_g,3175,3187,0.9962347034828993
Dino,5,0.1,iqr_g,3038,3187,0.9532475682459993
Dino,5,0.15,iqr_g,2689,3187,0.84374019454032
Dino,5,0.2,iqr_g,2141,3187,0.6717916535927204
Dino,5,0.3,iqr_g,1169,3187,0.366802635707562
Dino,5,0.5,iqr_g,418,3187,0.13115782867900846
Dino,10,0.05,iqr_g,3175,3187,0.9962347034828993
Dino,10,0.1,iqr_g,3038,3187,0.9532475682459993
Dino,10,0.15,iqr_g,2689,3187,0.84374019454032
Dino,10,0.2,iqr_g,2141,3187,0.6717916535927204
Dino,10,0.3,iqr_g,1169,3187,0.366802635707562
Dino,10,0.5,iqr_g,418,3187,0.13115782867900846
Dino,15,0.05,iqr_g,3175,3187,0.9962347034828993
Dino,15,0.1,iqr_g,3038,3187,0.9532475682459993
Dino,15,0.15,iqr_g,2689,3187,0.84374019454032
Dino,15,0.2,iqr_g,2141,3187,0.6717916535927204
Dino,15,0.3,iqr_g,1169,3187,0.366802635707562
Dino,15,0.5,iqr_g,418,3187,0.13115782867900846
Dino,20,0.05,iqr_g,3175,3187,0.9962347034828993
Dino,20,0.1,iqr_g,3038,3187,0.9532475682459993
Dino,20,0.15,iqr_g,2689,3187,0.84374019454032
Dino,20,0.2,iqr_g,2141,3187,0.6717916535927204
Dino,20,0.3,iqr_g,1169,3187,0.366802635707562
Dino,20,0.5,iqr_g,418,3187,0.13115782867900846
Dino,30,0.05,iqr_g,3175,3187,0.9962347034828993
Dino,30,0.1,iqr_g,3038,3187,0.9532475682459993
Dino,30,0.15,iqr_g,2689,3187,0.84374019454032
Dino,30,0.2,iqr_g,2141,3187,0.6717916535927204
Dino,30,0.3,iqr_g,1169,3187,0.366802635707562
Dino,30,0.5,iqr_g,418,3187,0.13115782867900846
Dino,50,0.05,iqr_g,3175,3187,0.9962347034828993
Dino,50,0.1,iqr_g,3038,3187,0.9532475682459993
Dino,50,0.15,iqr_g,2689,3187,0.84374019454032
Dino,50,0.2,iqr_g,2141,3187,0.6717916535927204
Dino,50,0.3,iqr_g,1169,3187,0.366802635707562
Dino,50,0.5,iqr_g,418,3187,0.13115782867900846
DvH,3,0.05,iqr_g,2740,2741,0.9996351696461145
DvH,3,0.1,iqr_g,2491,2741,0.9087924115286392
DvH,3,0.15,iqr_g,1827,2741,0.6665450565487049
DvH,3,0.2,iqr_g,1301,2741,0.4746442904049617
DvH,3,0.3,iqr_g,725,2741,0.2645020065669464
DvH,3,0.5,iqr_g,295,2741,0.10762495439620576
DvH,5,0.05,iqr_g,2740,2741,0.9996351696461145
DvH,5,0.1,iqr_g,2491,2741,0.9087924115286392
DvH,5,0.15,iqr_g,1827,2741,0.6665450565487049
DvH,5,0.2,iqr_g,1301,2741,0.4746442904049617
DvH,5,0.3,iqr_g,725,2741,0.2645020065669464
DvH,5,0.5,iqr_g,295,2741,0.10762495439620576
DvH,10,0.05,iqr_g,2740,2741,0.9996351696461145
DvH,10,0.1,iqr_g,2491,2741,0.9087924115286392
DvH,10,0.15,iqr_g,1827,2741,0.6665450565487049
DvH,10,0.2,iqr_g,1301,2741,0.4746442904049617
DvH,10,0.3,iqr_g,725,2741,0.2645020065669464
DvH,10,0.5,iqr_g,295,2741,0.10762495439620576
DvH,15,0.05,iqr_g,2740,2741,0.9996351696461145
DvH,15,0.1,iqr_g,2491,2741,0.9087924115286392
DvH,15,0.15,iqr_g,1827,2741,0.6665450565487049
DvH,15,0.2,iqr_g,1301,2741,0.4746442904049617
DvH,15,0.3,iqr_g,725,2741,0.2645020065669464
DvH,15,0.5,iqr_g,295,2741,0.10762495439620576
DvH,20,0.05,iqr_g,2740,2741,0.9996351696461145
DvH,20,0.1,iqr_g,2491,2741,0.9087924115286392
DvH,20,0.15,iqr_g,1827,2741,0.6665450565487049
DvH,20,0.2,iqr_g,1301,2741,0.4746442904049617
DvH,20,0.3,iqr_g,725,2741,0.2645020065669464
DvH,20,0.5,iqr_g,295,2741,0.10762495439620576
DvH,30,0.05,iqr_g,2740,2741,0.9996351696461145
DvH,30,0.1,iqr_g,2491,2741,0.9087924115286392
DvH,30,0.15,iqr_g,1827,2741,0.6665450565487049
DvH,30,0.2,iqr_g,1301,2741,0.4746442904049617
DvH,30,0.3,iqr_g,725,2741,0.2645020065669464
DvH,30,0.5,iqr_g,295,2741,0.10762495439620576
DvH,50,0.05,iqr_g,2740,2741,0.9996351696461145
DvH,50,0.1,iqr_g,2491,2741,0.9087924115286392
DvH,50,0.15,iqr_g,1827,2741,0.6665450565487049
DvH,50,0.2,iqr_g,1301,2741,0.4746442904049617
DvH,50,0.3,iqr_g,725,2741,0.2645020065669464
DvH,50,0.5,iqr_g,295,2741,0.10762495439620576
Dyella79,3,0.05,iqr_g,3615,3625,0.9972413793103448
Dyella79,3,0.1,iqr_g,3311,3625,0.9133793103448276
Dyella79,3,0.15,iqr_g,2589,3625,0.7142068965517241
Dyella79,3,0.2,iqr_g,1929,3625,0.5321379310344828
Dyella79,3,0.3,iqr_g,1122,3625,0.30951724137931036
Dyella79,3,0.5,iqr_g,518,3625,0.14289655172413793
Dyella79,5,0.05,iqr_g,3615,3625,0.9972413793103448
Dyella79,5,0.1,iqr_g,3311,3625,0.9133793103448276
Dyella79,5,0.15,iqr_g,2589,3625,0.7142068965517241
Dyella79,5,0.2,iqr_g,1929,3625,0.5321379310344828
Dyella79,5,0.3,iqr_g,1122,3625,0.30951724137931036
Dyella79,5,0.5,iqr_g,518,3625,0.14289655172413793
Dyella79,10,0.05,iqr_g,3615,3625,0.9972413793103448
Dyella79,10,0.1,iqr_g,3311,3625,0.9133793103448276
Dyella79,10,0.15,iqr_g,2589,3625,0.7142068965517241
Dyella79,10,0.2,iqr_g,1929,3625,0.5321379310344828
Dyella79,10,0.3,iqr_g,1122,3625,0.30951724137931036
Dyella79,10,0.5,iqr_g,518,3625,0.14289655172413793
Dyella79,15,0.05,iqr_g,3615,3625,0.9972413793103448
Dyella79,15,0.1,iqr_g,3311,3625,0.9133793103448276
Dyella79,15,0.15,iqr_g,2589,3625,0.7142068965517241
Dyella79,15,0.2,iqr_g,1929,3625,0.5321379310344828
Dyella79,15,0.3,iqr_g,1122,3625,0.30951724137931036
Dyella79,15,0.5,iqr_g,518,3625,0.14289655172413793
Dyella79,20,0.05,iqr_g,3615,3625,0.9972413793103448
Dyella79,20,0.1,iqr_g,3311,3625,0.9133793103448276
Dyella79,20,0.15,iqr_g,2589,3625,0.7142068965517241
Dyella79,20,0.2,iqr_g,1929,3625,0.5321379310344828
Dyella79,20,0.3,iqr_g,1122,3625,0.30951724137931036
Dyella79,20,0.5,iqr_g,518,3625,0.14289655172413793
Dyella79,30,0.05,iqr_g,3615,3625,0.9972413793103448
Dyella79,30,0.1,iqr_g,3311,3625,0.9133793103448276
Dyella79,30,0.15,iqr_g,2589,3625,0.7142068965517241
Dyella79,30,0.2,iqr_g,1929,3625,0.5321379310344828
Dyella79,30,0.3,iqr_g,1122,3625,0.30951724137931036
Dyella79,30,0.5,iqr_g,518,3625,0.14289655172413793
Dyella79,50,0.05,iqr_g,3615,3625,0.9972413793103448
Dyella79,50,0.1,iqr_g,3311,3625,0.9133793103448276
Dyella79,50,0.15,iqr_g,2589,3625,0.7142068965517241
Dyella79,50,0.2,iqr_g,1929,3625,0.5321379310344828
Dyella79,50,0.3,iqr_g,1122,3625,0.30951724137931036
Dyella79,50,0.5,iqr_g,518,3625,0.14289655172413793
HerbieS,3,0.05,iqr_g,3872,3879,0.9981954111884507
HerbieS,3,0.1,iqr_g,3819,3879,0.9845320959010054
HerbieS,3,0.15,iqr_g,3538,3879,0.9120907450373807
HerbieS,3,0.2,iqr_g,2938,3879,0.7574117040474349
HerbieS,3,0.3,iqr_g,1737,3879,0.44779582366589327
HerbieS,3,0.5,iqr_g,678,3879,0.17478731631863884
HerbieS,5,0.05,iqr_g,3872,3879,0.9981954111884507
HerbieS,5,0.1,iqr_g,3819,3879,0.9845320959010054
HerbieS,5,0.15,iqr_g,3538,3879,0.9120907450373807
HerbieS,5,0.2,iqr_g,2938,3879,0.7574117040474349
HerbieS,5,0.3,iqr_g,1737,3879,0.44779582366589327
HerbieS,5,0.5,iqr_g,678,3879,0.17478731631863884
HerbieS,10,0.05,iqr_g,3872,3879,0.9981954111884507
HerbieS,10,0.1,iqr_g,3819,3879,0.9845320959010054
HerbieS,10,0.15,iqr_g,3538,3879,0.9120907450373807
HerbieS,10,0.2,iqr_g,2938,3879,0.7574117040474349
HerbieS,10,0.3,iqr_g,1737,3879,0.44779582366589327
HerbieS,10,0.5,iqr_g,678,3879,0.17478731631863884
HerbieS,15,0.05,iqr_g,3872,3879,0.9981954111884507
HerbieS,15,0.1,iqr_g,3819,3879,0.9845320959010054
HerbieS,15,0.15,iqr_g,3538,3879,0.9120907450373807
HerbieS,15,0.2,iqr_g,2938,3879,0.7574117040474349
HerbieS,15,0.3,iqr_g,1737,3879,0.44779582366589327
HerbieS,15,0.5,iqr_g,678,3879,0.17478731631863884
HerbieS,20,0.05,iqr_g,3872,3879,0.9981954111884507
HerbieS,20,0.1,iqr_g,3819,3879,0.9845320959010054
HerbieS,20,0.15,iqr_g,3538,3879,0.9120907450373807
HerbieS,20,0.2,iqr_g,2938,3879,0.7574117040474349
HerbieS,20,0.3,iqr_g,1737,3879,0.44779582366589327
HerbieS,20,0.5,iqr_g,678,3879,0.17478731631863884
HerbieS,30,0.05,iqr_g,3872,3879,0.9981954111884507
HerbieS,30,0.1,iqr_g,3819,3879,0.9845320959010054
HerbieS,30,0.15,iqr_g,3538,3879,0.9120907450373807
HerbieS,30,0.2,iqr_g,2938,3879,0.7574117040474349
HerbieS,30,0.3,iqr_g,1737,3879,0.44779582366589327
HerbieS,30,0.5,iqr_g,678,3879,0.17478731631863884
HerbieS,50,0.05,iqr_g,3872,3879,0.9981954111884507
HerbieS,50,0.1,iqr_g,3819,3879,0.9845320959010054
HerbieS,50,0.15,iqr_g,3538,3879,0.9120907450373807
HerbieS,50,0.2,iqr_g,2938,3879,0.7574117040474349
HerbieS,50,0.3,iqr_g,1737,3879,0.44779582366589327
HerbieS,50,0.5,iqr_g,678,3879,0.17478731631863884
Kang,3,0.05,iqr_g,1990,2003,0.9935097353969047
Kang,3,0.1,iqr_g,1604,2003,0.800798801797304
Kang,3,0.15,iqr_g,1169,2003,0.5836245631552671
Kang,3,0.2,iqr_g,906,2003,0.4523215177234149
Kang,3,0.3,iqr_g,633,2003,0.3160259610584124
Kang,3,0.5,iqr_g,440,2003,0.21967049425861207
Kang,5,0.05,iqr_g,1990,2003,0.9935097353969047
Kang,5,0.1,iqr_g,1604,2003,0.800798801797304
Kang,5,0.15,iqr_g,1169,2003,0.5836245631552671
Kang,5,0.2,iqr_g,906,2003,0.4523215177234149
Kang,5,0.3,iqr_g,633,2003,0.3160259610584124
Kang,5,0.5,iqr_g,440,2003,0.21967049425861207
Kang,10,0.05,iqr_g,1990,2003,0.9935097353969047
Kang,10,0.1,iqr_g,1604,2003,0.800798801797304
Kang,10,0.15,iqr_g,1169,2003,0.5836245631552671
Kang,10,0.2,iqr_g,906,2003,0.4523215177234149
Kang,10,0.3,iqr_g,633,2003,0.3160259610584124
Kang,10,0.5,iqr_g,440,2003,0.21967049425861207
Kang,15,0.05,iqr_g,1990,2003,0.9935097353969047
Kang,15,0.1,iqr_g,1604,2003,0.800798801797304
Kang,15,0.15,iqr_g,1169,2003,0.5836245631552671
Kang,15,0.2,iqr_g,906,2003,0.4523215177234149
Kang,15,0.3,iqr_g,633,2003,0.3160259610584124
Kang,15,0.5,iqr_g,440,2003,0.21967049425861207
Kang,20,0.05,iqr_g,1990,2003,0.9935097353969047
Kang,20,0.1,iqr_g,1604,2003,0.800798801797304
Kang,20,0.15,iqr_g,1169,2003,0.5836245631552671
Kang,20,0.2,iqr_g,906,2003,0.4523215177234149
Kang,20,0.3,iqr_g,633,2003,0.3160259610584124
Kang,20,0.5,iqr_g,440,2003,0.21967049425861207
Kang,30,0.05,iqr_g,1990,2003,0.9935097353969047
Kang,30,0.1,iqr_g,1604,2003,0.800798801797304
Kang,30,0.15,iqr_g,1169,2003,0.5836245631552671
Kang,30,0.2,iqr_g,906,2003,0.4523215177234149
Kang,30,0.3,iqr_g,633,2003,0.3160259610584124
Kang,30,0.5,iqr_g,440,2003,0.21967049425861207
Kang,50,0.05,iqr_g,1990,2003,0.9935097353969047
Kang,50,0.1,iqr_g,1604,2003,0.800798801797304
Kang,50,0.15,iqr_g,1169,2003,0.5836245631552671
Kang,50,0.2,iqr_g,906,2003,0.4523215177234149
Kang,50,0.3,iqr_g,633,2003,0.3160259610584124
Kang,50,0.5,iqr_g,440,2003,0.21967049425861207
Keio,3,0.05,iqr_g,3787,3789,0.9994721562417525
Keio,3,0.1,iqr_g,3606,3789,0.9517022961203484
Keio,3,0.15,iqr_g,3020,3789,0.7970440749538137
Keio,3,0.2,iqr_g,2355,3789,0.6215360253365004
Keio,3,0.3,iqr_g,1393,3789,0.36764317761942467
Keio,3,0.5,iqr_g,656,3789,0.17313275270519926
Keio,5,0.05,iqr_g,3787,3789,0.9994721562417525
Keio,5,0.1,iqr_g,3606,3789,0.9517022961203484
Keio,5,0.15,iqr_g,3020,3789,0.7970440749538137
Keio,5,0.2,iqr_g,2355,3789,0.6215360253365004
Keio,5,0.3,iqr_g,1393,3789,0.36764317761942467
Keio,5,0.5,iqr_g,656,3789,0.17313275270519926
Keio,10,0.05,iqr_g,3787,3789,0.9994721562417525
Keio,10,0.1,iqr_g,3606,3789,0.9517022961203484
Keio,10,0.15,iqr_g,3020,3789,0.7970440749538137
Keio,10,0.2,iqr_g,2355,3789,0.6215360253365004
Keio,10,0.3,iqr_g,1393,3789,0.36764317761942467
Keio,10,0.5,iqr_g,656,3789,0.17313275270519926
Keio,15,0.05,iqr_g,3787,3789,0.9994721562417525
Keio,15,0.1,iqr_g,3606,3789,0.9517022961203484
Keio,15,0.15,iqr_g,3020,3789,0.7970440749538137
Keio,15,0.2,iqr_g,2355,3789,0.6215360253365004
Keio,15,0.3,iqr_g,1393,3789,0.36764317761942467
Keio,15,0.5,iqr_g,656,3789,0.17313275270519926
Keio,20,0.05,iqr_g,3787,3789,0.9994721562417525
Keio,20,0.1,iqr_g,3606,3789,0.9517022961203484
Keio,20,0.15,iqr_g,3020,3789,0.7970440749538137
Keio,20,0.2,iqr_g,2355,3789,0.6215360253365004
Keio,20,0.3,iqr_g,1393,3789,0.36764317761942467
Keio,20,0.5,iqr_g,656,3789,0.17313275270519926
Keio,30,0.05,iqr_g,3787,3789,0.9994721562417525
Keio,30,0.1,iqr_g,3606,3789,0.9517022961203484
Keio,30,0.15,iqr_g,3020,3789,0.7970440749538137
Keio,30,0.2,iqr_g,2355,3789,0.6215360253365004
Keio,30,0.3,iqr_g,1393,3789,0.36764317761942467
Keio,30,0.5,iqr_g,656,3789,0.17313275270519926
Keio,50,0.05,iqr_g,3787,3789,0.9994721562417525
Keio,50,0.1,iqr_g,3606,3789,0.9517022961203484
Keio,50,0.15,iqr_g,3020,3789,0.7970440749538137
Keio,50,0.2,iqr_g,2355,3789,0.6215360253365004
Keio,50,0.3,iqr_g,1393,3789,0.36764317761942467
Keio,50,0.5,iqr_g,656,3789,0.17313275270519926
Korea,3,0.05,iqr_g,3343,3393,0.9852637783672267
Korea,3,0.1,iqr_g,2506,3393,0.7385794282346007
Korea,3,0.15,iqr_g,1620,3393,0.47745358090185674
Korea,3,0.2,iqr_g,1073,3393,0.3162393162393162
Korea,3,0.3,iqr_g,564,3393,0.16622458001768348
Korea,3,0.5,iqr_g,216,3393,0.0636604774535809
Korea,5,0.05,iqr_g,3343,3393,0.9852637783672267
Korea,5,0.1,iqr_g,2506,3393,0.7385794282346007
Korea,5,0.15,iqr_g,1620,3393,0.47745358090185674
Korea,5,0.2,iqr_g,1073,3393,0.3162393162393162
Korea,5,0.3,iqr_g,564,3393,0.16622458001768348
Korea,5,0.5,iqr_g,216,3393,0.0636604774535809
Korea,10,0.05,iqr_g,3343,3393,0.9852637783672267
Korea,10,0.1,iqr_g,2506,3393,0.7385794282346007
Korea,10,0.15,iqr_g,1620,3393,0.47745358090185674
Korea,10,0.2,iqr_g,1073,3393,0.3162393162393162
Korea,10,0.3,iqr_g,564,3393,0.16622458001768348
Korea,10,0.5,iqr_g,216,3393,0.0636604774535809
Korea,15,0.05,iqr_g,3343,3393,0.9852637783672267
Korea,15,0.1,iqr_g,2506,3393,0.7385794282346007
Korea,15,0.15,iqr_g,1620,3393,0.47745358090185674
Korea,15,0.2,iqr_g,1073,3393,0.3162393162393162
Korea,15,0.3,iqr_g,564,3393,0.16622458001768348
Korea,15,0.5,iqr_g,216,3393,0.0636604774535809
Korea,20,0.05,iqr_g,3343,3393,0.9852637783672267
Korea,20,0.1,iqr_g,2506,3393,0.7385794282346007
Korea,20,0.15,iqr_g,1620,3393,0.47745358090185674
Korea,20,0.2,iqr_g,1073,3393,0.3162393162393162
Korea,20,0.3,iqr_g,564,3393,0.16622458001768348
Korea,20,0.5,iqr_g,216,3393,0.0636604774535809
Korea,30,0.05,iqr_g,3343,3393,0.9852637783672267
Korea,30,0.1,iqr_g,2506,3393,0.7385794282346007
Korea,30,0.15,iqr_g,1620,3393,0.47745358090185674
Korea,30,0.2,iqr_g,1073,3393,0.3162393162393162
Korea,30,0.3,iqr_g,564,3393,0.16622458001768348
Korea,30,0.5,iqr_g,216,3393,0.0636604774535809
Korea,50,0.05,iqr_g,3343,3393,0.9852637783672267
Korea,50,0.1,iqr_g,2506,3393,0.7385794282346007
Korea,50,0.15,iqr_g,1620,3393,0.47745358090185674
Korea,50,0.2,iqr_g,1073,3393,0.3162393162393162
Korea,50,0.3,iqr_g,564,3393,0.16622458001768348
Korea,50,0.5,iqr_g,216,3393,0.0636604774535809
Koxy,3,0.05,iqr_g,4600,4608,0.9982638888888888
Koxy,3,0.1,iqr_g,4428,4608,0.9609375
Koxy,3,0.15,iqr_g,3913,4608,0.8491753472222222
Koxy,3,0.2,iqr_g,3192,4608,0.6927083333333334
Koxy,3,0.3,iqr_g,1817,4608,0.3943142361111111
Koxy,3,0.5,iqr_g,608,4608,0.13194444444444445
Koxy,5,0.05,iqr_g,4600,4608,0.9982638888888888
Koxy,5,0.1,iqr_g,4428,4608,0.9609375
Koxy,5,0.15,iqr_g,3913,4608,0.8491753472222222
Koxy,5,0.2,iqr_g,3192,4608,0.6927083333333334
Koxy,5,0.3,iqr_g,1817,4608,0.3943142361111111
Koxy,5,0.5,iqr_g,608,4608,0.13194444444444445
Koxy,10,0.05,iqr_g,4600,4608,0.9982638888888888
Koxy,10,0.1,iqr_g,4428,4608,0.9609375
Koxy,10,0.15,iqr_g,3913,4608,0.8491753472222222
Koxy,10,0.2,iqr_g,3192,4608,0.6927083333333334
Koxy,10,0.3,iqr_g,1817,4608,0.3943142361111111
Koxy,10,0.5,iqr_g,608,4608,0.13194444444444445
Koxy,15,0.05,iqr_g,4600,4608,0.9982638888888888
Koxy,15,0.1,iqr_g,4428,4608,0.9609375
Koxy,15,0.15,iqr_g,3913,4608,0.8491753472222222
Koxy,15,0.2,iqr_g,3192,4608,0.6927083333333334
Koxy,15,0.3,iqr_g,1817,4608,0.3943142361111111
Koxy,15,0.5,iqr_g,608,4608,0.13194444444444445
Koxy,20,0.05,iqr_g,4600,4608,0.9982638888888888
Koxy,20,0.1,iqr_g,4428,4608,0.9609375
Koxy,20,0.15,iqr_g,3913,4608,0.8491753472222222
Koxy,20,0.2,iqr_g,3192,4608,0.6927083333333334
Koxy,20,0.3,iqr_g,1817,4608,0.3943142361111111
Koxy,20,0.5,iqr_g,608,4608,0.13194444444444445
Koxy,30,0.05,iqr_g,4600,4608,0.9982638888888888
Koxy,30,0.1,iqr_g,4428,4608,0.9609375
Koxy,30,0.15,iqr_g,3913,4608,0.8491753472222222
Koxy,30,0.2,iqr_g,3192,4608,0.6927083333333334
Koxy,30,0.3,iqr_g,1817,4608,0.3943142361111111
Koxy,30,0.5,iqr_g,608,4608,0.13194444444444445
Koxy,50,0.05,iqr_g,4600,4608,0.9982638888888888
Koxy,50,0.1,iqr_g,4428,4608,0.9609375
Koxy,50,0.15,iqr_g,3913,4608,0.8491753472222222
Koxy,50,0.2,iqr_g,3192,4608,0.6927083333333334
Koxy,50,0.3,iqr_g,1817,4608,0.3943142361111111
Koxy,50,0.5,iqr_g,608,4608,0.13194444444444445
MR1,3,0.05,iqr_g,3756,3782,0.9931253305129562
MR1,3,0.1,iqr_g,3458,3782,0.9143310417768377
MR1,3,0.15,iqr_g,2793,3782,0.7384981491274458
MR1,3,0.2,iqr_g,2146,3782,0.5674246430460074
MR1,3,0.3,iqr_g,1315,3782,0.34769962982548913
MR1,3,0.5,iqr_g,695,3782,0.18376520359598097
MR1,5,0.05,iqr_g,3756,3782,0.9931253305129562
MR1,5,0.1,iqr_g,3458,3782,0.9143310417768377
MR1,5,0.15,iqr_g,2793,3782,0.7384981491274458
MR1,5,0.2,iqr_g,2146,3782,0.5674246430460074
MR1,5,0.3,iqr_g,1315,3782,0.34769962982548913
MR1,5,0.5,iqr_g,695,3782,0.18376520359598097
MR1,10,0.05,iqr_g,3756,3782,0.9931253305129562
MR1,10,0.1,iqr_g,3458,3782,0.9143310417768377
MR1,10,0.15,iqr_g,2793,3782,0.7384981491274458
MR1,10,0.2,iqr_g,2146,3782,0.5674246430460074
MR1,10,0.3,iqr_g,1315,3782,0.34769962982548913
MR1,10,0.5,iqr_g,695,3782,0.18376520359598097
MR1,15,0.05,iqr_g,3756,3782,0.9931253305129562
MR1,15,0.1,iqr_g,3458,3782,0.9143310417768377
MR1,15,0.15,iqr_g,2793,3782,0.7384981491274458
MR1,15,0.2,iqr_g,2146,3782,0.5674246430460074
MR1,15,0.3,iqr_g,1315,3782,0.34769962982548913
MR1,15,0.5,iqr_g,695,3782,0.18376520359598097
MR1,20,0.05,iqr_g,3756,3782,0.9931253305129562
MR1,20,0.1,iqr_g,3458,3782,0.9143310417768377
MR1,20,0.15,iqr_g,2793,3782,0.7384981491274458
MR1,20,0.2,iqr_g,2146,3782,0.5674246430460074
MR1,20,0.3,iqr_g,1315,3782,0.34769962982548913
MR1,20,0.5,iqr_g,695,3782,0.18376520359598097
MR1,30,0.05,iqr_g,3756,3782,0.9931253305129562
MR1,30,0.1,iqr_g,3458,3782,0.9143310417768377
MR1,30,0.15,iqr_g,2793,3782,0.7384981491274458
MR1,30,0.2,iqr_g,2146,3782,0.5674246430460074
MR1,30,0.3,iqr_g,1315,3782,0.34769962982548913
MR1,30,0.5,iqr_g,695,3782,0.18376520359598097
MR1,50,0.05,iqr_g,3756,3782,0.9931253305129562
MR1,50,0.1,iqr_g,3458,3782,0.9143310417768377
MR1,50,0.15,iqr_g,2793,3782,0.7384981491274458
MR1,50,0.2,iqr_g,2146,3782,0.5674246430460074
MR1,50,0.3,iqr_g,1315,3782,0.34769962982548913
MR1,50,0.5,iqr_g,695,3782,0.18376520359598097
Magneto,3,0.05,iqr_g,3219,3221,0.999379074821484
Magneto,3,0.1,iqr_g,3064,3221,0.9512573734864949
Magneto,3,0.15,iqr_g,2585,3221,0.8025457932319155
Magneto,3,0.2,iqr_g,2029,3221,0.6299285936044706
Magneto,3,0.3,iqr_g,1224,3221,0.3800062092517852
Magneto,3,0.5,iqr_g,503,3221,0.1561626823967712
Magneto,5,0.05,iqr_g,3219,3221,0.999379074821484
Magneto,5,0.1,iqr_g,3064,3221,0.9512573734864949
Magneto,5,0.15,iqr_g,2585,3221,0.8025457932319155
Magneto,5,0.2,iqr_g,2029,3221,0.6299285936044706
Magneto,5,0.3,iqr_g,1224,3221,0.3800062092517852
Magneto,5,0.5,iqr_g,503,3221,0.1561626823967712
Magneto,10,0.05,iqr_g,3219,3221,0.999379074821484
Magneto,10,0.1,iqr_g,3064,3221,0.9512573734864949
Magneto,10,0.15,iqr_g,2585,3221,0.8025457932319155
Magneto,10,0.2,iqr_g,2029,3221,0.6299285936044706
Magneto,10,0.3,iqr_g,1224,3221,0.3800062092517852
Magneto,10,0.5,iqr_g,503,3221,0.1561626823967712
Magneto,15,0.05,iqr_g,3219,3221,0.999379074821484
Magneto,15,0.1,iqr_g,3064,3221,0.9512573734864949
Magneto,15,0.15,iqr_g,2585,3221,0.8025457932319155
Magneto,15,0.2,iqr_g,2029,3221,0.6299285936044706
Magneto,15,0.3,iqr_g,1224,3221,0.3800062092517852
Magneto,15,0.5,iqr_g,503,3221,0.1561626823967712
Magneto,20,0.05,iqr_g,3219,3221,0.999379074821484
Magneto,20,0.1,iqr_g,3064,3221,0.9512573734864949
Magneto,20,0.15,iqr_g,2585,3221,0.8025457932319155
Magneto,20,0.2,iqr_g,2029,3221,0.6299285936044706
Magneto,20,0.3,iqr_g,1224,3221,0.3800062092517852
Magneto,20,0.5,iqr_g,503,3221,0.1561626823967712
Magneto,30,0.05,iqr_g,3219,3221,0.999379074821484
Magneto,30,0.1,iqr_g,3064,3221,0.9512573734864949
Magneto,30,0.15,iqr_g,2585,3221,0.8025457932319155
Magneto,30,0.2,iqr_g,2029,3221,0.6299285936044706
Magneto,30,0.3,iqr_g,1224,3221,0.3800062092517852
Magneto,30,0.5,iqr_g,503,3221,0.1561626823967712
Magneto,50,0.05,iqr_g,0,3221,0.0
Magneto,50,0.1,iqr_g,0,3221,0.0
Magneto,50,0.15,iqr_g,0,3221,0.0
Magneto,50,0.2,iqr_g,0,3221,0.0
Magneto,50,0.3,iqr_g,0,3221,0.0
Magneto,50,0.5,iqr_g,0,3221,0.0
Marino,3,0.05,iqr_g,3649,3650,0.9997260273972602
Marino,3,0.1,iqr_g,3500,3650,0.958904109589041
Marino,3,0.15,iqr_g,2913,3650,0.798082191780822
Marino,3,0.2,iqr_g,2243,3650,0.6145205479452055
Marino,3,0.3,iqr_g,1287,3650,0.3526027397260274
Marino,3,0.5,iqr_g,507,3650,0.1389041095890411
Marino,5,0.05,iqr_g,3649,3650,0.9997260273972602
Marino,5,0.1,iqr_g,3500,3650,0.958904109589041
Marino,5,0.15,iqr_g,2913,3650,0.798082191780822
Marino,5,0.2,iqr_g,2243,3650,0.6145205479452055
Marino,5,0.3,iqr_g,1287,3650,0.3526027397260274
Marino,5,0.5,iqr_g,507,3650,0.1389041095890411
Marino,10,0.05,iqr_g,3649,3650,0.9997260273972602
Marino,10,0.1,iqr_g,3500,3650,0.958904109589041
Marino,10,0.15,iqr_g,2913,3650,0.798082191780822
Marino,10,0.2,iqr_g,2243,3650,0.6145205479452055
Marino,10,0.3,iqr_g,1287,3650,0.3526027397260274
Marino,10,0.5,iqr_g,507,3650,0.1389041095890411
Marino,15,0.05,iqr_g,3649,3650,0.9997260273972602
Marino,15,0.1,iqr_g,3500,3650,0.958904109589041
Marino,15,0.15,iqr_g,2913,3650,0.798082191780822
Marino,15,0.2,iqr_g,2243,3650,0.6145205479452055
Marino,15,0.3,iqr_g,1287,3650,0.3526027397260274
Marino,15,0.5,iqr_g,507,3650,0.1389041095890411
Marino,20,0.05,iqr_g,3649,3650,0.9997260273972602
Marino,20,0.1,iqr_g,3500,3650,0.958904109589041
Marino,20,0.15,iqr_g,2913,3650,0.798082191780822
Marino,20,0.2,iqr_g,2243,3650,0.6145205479452055
Marino,20,0.3,iqr_g,1287,3650,0.3526027397260274
Marino,20,0.5,iqr_g,507,3650,0.1389041095890411
Marino,30,0.05,iqr_g,3649,3650,0.9997260273972602
Marino,30,0.1,iqr_g,3500,3650,0.958904109589041
Marino,30,0.15,iqr_g,2913,3650,0.798082191780822
Marino,30,0.2,iqr_g,2243,3650,0.6145205479452055
Marino,30,0.3,iqr_g,1287,3650,0.3526027397260274
Marino,30,0.5,iqr_g,507,3650,0.1389041095890411
Marino,50,0.05,iqr_g,3649,3650,0.9997260273972602
Marino,50,0.1,iqr_g,3500,3650,0.958904109589041
Marino,50,0.15,iqr_g,2913,3650,0.798082191780822
Marino,50,0.2,iqr_g,2243,3650,0.6145205479452055
Marino,50,0.3,iqr_g,1287,3650,0.3526027397260274
Marino,50,0.5,iqr_g,507,3650,0.1389041095890411
Methanococcus_JJ,3,0.05,iqr_g,1362,1383,0.9848156182212582
Methanococcus_JJ,3,0.1,iqr_g,1157,1383,0.836587129428778
Methanococcus_JJ,3,0.15,iqr_g,943,1383,0.6818510484454086
Methanococcus_JJ,3,0.2,iqr_g,776,1383,0.5610990600144613
Methanococcus_JJ,3,0.3,iqr_g,569,1383,0.41142443962400577
Methanococcus_JJ,3,0.5,iqr_g,406,1383,0.2935647143890094
Methanococcus_JJ,5,0.05,iqr_g,1362,1383,0.9848156182212582
Methanococcus_JJ,5,0.1,iqr_g,1157,1383,0.836587129428778
Methanococcus_JJ,5,0.15,iqr_g,943,1383,0.6818510484454086
Methanococcus_JJ,5,0.2,iqr_g,776,1383,0.5610990600144613
Methanococcus_JJ,5,0.3,iqr_g,569,1383,0.41142443962400577
Methanococcus_JJ,5,0.5,iqr_g,406,1383,0.2935647143890094
Methanococcus_JJ,10,0.05,iqr_g,1362,1383,0.9848156182212582
Methanococcus_JJ,10,0.1,iqr_g,1157,1383,0.836587129428778
Methanococcus_JJ,10,0.15,iqr_g,943,1383,0.6818510484454086
Methanococcus_JJ,10,0.2,iqr_g,776,1383,0.5610990600144613
Methanococcus_JJ,10,0.3,iqr_g,569,1383,0.41142443962400577
Methanococcus_JJ,10,0.5,iqr_g,406,1383,0.2935647143890094
Methanococcus_JJ,15,0.05,iqr_g,1362,1383,0.9848156182212582
Methanococcus_JJ,15,0.1,iqr_g,1157,1383,0.836587129428778
Methanococcus_JJ,15,0.15,iqr_g,943,1383,0.6818510484454086
Methanococcus_JJ,15,0.2,iqr_g,776,1383,0.5610990600144613
Methanococcus_JJ,15,0.3,iqr_g,569,1383,0.41142443962400577
Methanococcus_JJ,15,0.5,iqr_g,406,1383,0.2935647143890094
Methanococcus_JJ,20,0.05,iqr_g,1362,1383,0.9848156182212582
Methanococcus_JJ,20,0.1,iqr_g,1157,1383,0.836587129428778
Methanococcus_JJ,20,0.15,iqr_g,943,1383,0.6818510484454086
Methanococcus_JJ,20,0.2,iqr_g,776,1383,0.5610990600144613
Methanococcus_JJ,20,0.3,iqr_g,569,1383,0.41142443962400577
Methanococcus_JJ,20,0.5,iqr_g,406,1383,0.2935647143890094
Methanococcus_JJ,30,0.05,iqr_g,1362,1383,0.9848156182212582
Methanococcus_JJ,30,0.1,iqr_g,1157,1383,0.836587129428778
Methanococcus_JJ,30,0.15,iqr_g,943,1383,0.6818510484454086
Methanococcus_JJ,30,0.2,iqr_g,776,1383,0.5610990600144613
Methanococcus_JJ,30,0.3,iqr_g,569,1383,0.41142443962400577
Methanococcus_JJ,30,0.5,iqr_g,406,1383,0.2935647143890094
Methanococcus_JJ,50,0.05,iqr_g,0,1383,0.0
Methanococcus_JJ,50,0.1,iqr_g,0,1383,0.0
Methanococcus_JJ,50,0.15,iqr_g,0,1383,0.0
Methanococcus_JJ,50,0.2,iqr_g,0,1383,0.0
Methanococcus_JJ,50,0.3,iqr_g,0,1383,0.0
Methanococcus_JJ,50,0.5,iqr_g,0,1383,0.0
Methanococcus_S2,3,0.05,iqr_g,1243,1244,0.9991961414790996
Methanococcus_S2,3,0.1,iqr_g,1177,1244,0.9461414790996785
Methanococcus_S2,3,0.15,iqr_g,997,1244,0.8014469453376206
Methanococcus_S2,3,0.2,iqr_g,847,1244,0.6808681672025724
Methanococcus_S2,3,0.3,iqr_g,615,1244,0.49437299035369775
Methanococcus_S2,3,0.5,iqr_g,414,1244,0.3327974276527331
Methanococcus_S2,5,0.05,iqr_g,1243,1244,0.9991961414790996
Methanococcus_S2,5,0.1,iqr_g,1177,1244,0.9461414790996785
Methanococcus_S2,5,0.15,iqr_g,997,1244,0.8014469453376206
Methanococcus_S2,5,0.2,iqr_g,847,1244,0.6808681672025724
Methanococcus_S2,5,0.3,iqr_g,615,1244,0.49437299035369775
Methanococcus_S2,5,0.5,iqr_g,414,1244,0.3327974276527331
Methanococcus_S2,10,0.05,iqr_g,1243,1244,0.9991961414790996
Methanococcus_S2,10,0.1,iqr_g,1177,1244,0.9461414790996785
Methanococcus_S2,10,0.15,iqr_g,997,1244,0.8014469453376206
Methanococcus_S2,10,0.2,iqr_g,847,1244,0.6808681672025724
Methanococcus_S2,10,0.3,iqr_g,615,1244,0.49437299035369775
Methanococcus_S2,10,0.5,iqr_g,414,1244,0.3327974276527331
Methanococcus_S2,15,0.05,iqr_g,1243,1244,0.9991961414790996
Methanococcus_S2,15,0.1,iqr_g,1177,1244,0.9461414790996785
Methanococcus_S2,15,0.15,iqr_g,997,1244,0.8014469453376206
Methanococcus_S2,15,0.2,iqr_g,847,1244,0.6808681672025724
Methanococcus_S2,15,0.3,iqr_g,615,1244,0.49437299035369775
Methanococcus_S2,15,0.5,iqr_g,414,1244,0.3327974276527331
Methanococcus_S2,20,0.05,iqr_g,1243,1244,0.9991961414790996
Methanococcus_S2,20,0.1,iqr_g,1177,1244,0.9461414790996785
Methanococcus_S2,20,0.15,iqr_g,997,1244,0.8014469453376206
Methanococcus_S2,20,0.2,iqr_g,847,1244,0.6808681672025724
Methanococcus_S2,20,0.3,iqr_g,615,1244,0.49437299035369775
Methanococcus_S2,20,0.5,iqr_g,414,1244,0.3327974276527331
Methanococcus_S2,30,0.05,iqr_g,1243,1244,0.9991961414790996
Methanococcus_S2,30,0.1,iqr_g,1177,1244,0.9461414790996785
Methanococcus_S2,30,0.15,iqr_g,997,1244,0.8014469453376206
Methanococcus_S2,30,0.2,iqr_g,847,1244,0.6808681672025724
Methanococcus_S2,30,0.3,iqr_g,615,1244,0.49437299035369775
Methanococcus_S2,30,0.5,iqr_g,414,1244,0.3327974276527331
Methanococcus_S2,50,0.05,iqr_g,1243,1244,0.9991961414790996
Methanococcus_S2,50,0.1,iqr_g,1177,1244,0.9461414790996785
Methanococcus_S2,50,0.15,iqr_g,997,1244,0.8014469453376206
Methanococcus_S2,50,0.2,iqr_g,847,1244,0.6808681672025724
Methanococcus_S2,50,0.3,iqr_g,615,1244,0.49437299035369775
Methanococcus_S2,50,0.5,iqr_g,414,1244,0.3327974276527331
Miya,3,0.05,iqr_g,2531,2531,1.0
Miya,3,0.1,iqr_g,2509,2531,0.9913077834847887
Miya,3,0.15,iqr_g,2267,2531,0.8956934018174635
Miya,3,0.2,iqr_g,1865,2531,0.73686290003951
Miya,3,0.3,iqr_g,1230,2531,0.48597392335045436
Miya,3,0.5,iqr_g,619,2531,0.2445673646779929
Miya,5,0.05,iqr_g,2531,2531,1.0
Miya,5,0.1,iqr_g,2509,2531,0.9913077834847887
Miya,5,0.15,iqr_g,2267,2531,0.8956934018174635
Miya,5,0.2,iqr_g,1865,2531,0.73686290003951
Miya,5,0.3,iqr_g,1230,2531,0.48597392335045436
Miya,5,0.5,iqr_g,619,2531,0.2445673646779929
Miya,10,0.05,iqr_g,2531,2531,1.0
Miya,10,0.1,iqr_g,2509,2531,0.9913077834847887
Miya,10,0.15,iqr_g,2267,2531,0.8956934018174635
Miya,10,0.2,iqr_g,1865,2531,0.73686290003951
Miya,10,0.3,iqr_g,1230,2531,0.48597392335045436
Miya,10,0.5,iqr_g,619,2531,0.2445673646779929
Miya,15,0.05,iqr_g,2531,2531,1.0
Miya,15,0.1,iqr_g,2509,2531,0.9913077834847887
Miya,15,0.15,iqr_g,2267,2531,0.8956934018174635
Miya,15,0.2,iqr_g,1865,2531,0.73686290003951
Miya,15,0.3,iqr_g,1230,2531,0.48597392335045436
Miya,15,0.5,iqr_g,619,2531,0.2445673646779929
Miya,20,0.05,iqr_g,2531,2531,1.0
Miya,20,0.1,iqr_g,2509,2531,0.9913077834847887
Miya,20,0.15,iqr_g,2267,2531,0.8956934018174635
Miya,20,0.2,iqr_g,1865,2531,0.73686290003951
Miya,20,0.3,iqr_g,1230,2531,0.48597392335045436
Miya,20,0.5,iqr_g,619,2531,0.2445673646779929
Miya,30,0.05,iqr_g,2531,2531,1.0
Miya,30,0.1,iqr_g,2509,2531,0.9913077834847887
Miya,30,0.15,iqr_g,2267,2531,0.8956934018174635
Miya,30,0.2,iqr_g,1865,2531,0.73686290003951
Miya,30,0.3,iqr_g,1230,2531,0.48597392335045436
Miya,30,0.5,iqr_g,619,2531,0.2445673646779929
Miya,50,0.05,iqr_g,2531,2531,1.0
Miya,50,0.1,iqr_g,2509,2531,0.9913077834847887
Miya,50,0.15,iqr_g,2267,2531,0.8956934018174635
Miya,50,0.2,iqr_g,1865,2531,0.73686290003951
Miya,50,0.3,iqr_g,1230,2531,0.48597392335045436
Miya,50,0.5,iqr_g,619,2531,0.2445673646779929
PS,3,0.05,iqr_g,2561,2561,1.0
PS,3,0.1,iqr_g,2548,2561,0.9949238578680203
PS,3,0.15,iqr_g,2409,2561,0.9406481843030067
PS,3,0.2,iqr_g,2205,2561,0.8609918000780945
PS,3,0.3,iqr_g,1726,2561,0.6739554861382272
PS,3,0.5,iqr_g,1143,2561,0.44631003514252243
PS,5,0.05,iqr_g,2561,2561,1.0
PS,5,0.1,iqr_g,2548,2561,0.9949238578680203
PS,5,0.15,iqr_g,2409,2561,0.9406481843030067
PS,5,0.2,iqr_g,2205,2561,0.8609918000780945
PS,5,0.3,iqr_g,1726,2561,0.6739554861382272
PS,5,0.5,iqr_g,1143,2561,0.44631003514252243
PS,10,0.05,iqr_g,2561,2561,1.0
PS,10,0.1,iqr_g,2548,2561,0.9949238578680203
PS,10,0.15,iqr_g,2409,2561,0.9406481843030067
PS,10,0.2,iqr_g,2205,2561,0.8609918000780945
PS,10,0.3,iqr_g,1726,2561,0.6739554861382272
PS,10,0.5,iqr_g,1143,2561,0.44631003514252243
PS,15,0.05,iqr_g,2561,2561,1.0
PS,15,0.1,iqr_g,2548,2561,0.9949238578680203
PS,15,0.15,iqr_g,2409,2561,0.9406481843030067
PS,15,0.2,iqr_g,2205,2561,0.8609918000780945
PS,15,0.3,iqr_g,1726,2561,0.6739554861382272
PS,15,0.5,iqr_g,1143,2561,0.44631003514252243
PS,20,0.05,iqr_g,2561,2561,1.0
PS,20,0.1,iqr_g,2548,2561,0.9949238578680203
PS,20,0.15,iqr_g,2409,2561,0.9406481843030067
PS,20,0.2,iqr_g,2205,2561,0.8609918000780945
PS,20,0.3,iqr_g,1726,2561,0.6739554861382272
PS,20,0.5,iqr_g,1143,2561,0.44631003514252243
PS,30,0.05,iqr_g,2561,2561,1.0
PS,30,0.1,iqr_g,2548,2561,0.9949238578680203
PS,30,0.15,iqr_g,2409,2561,0.9406481843030067
PS,30,0.2,iqr_g,2205,2561,0.8609918000780945
PS,30,0.3,iqr_g,1726,2561,0.6739554861382272
PS,30,0.5,iqr_g,1143,2561,0.44631003514252243
PS,50,0.05,iqr_g,0,2561,0.0
PS,50,0.1,iqr_g,0,2561,0.0
PS,50,0.15,iqr_g,0,2561,0.0
PS,50,0.2,iqr_g,0,2561,0.0
PS,50,0.3,iqr_g,0,2561,0.0
PS,50,0.5,iqr_g,0,2561,0.0
PV4,3,0.05,iqr_g,3008,3009,0.9996676636756398
PV4,3,0.1,iqr_g,2947,3009,0.9793951478896643
PV4,3,0.15,iqr_g,2636,3009,0.8760385510136258
PV4,3,0.2,iqr_g,2187,3009,0.7268195413758723
PV4,3,0.3,iqr_g,1469,3009,0.48820206048521103
PV4,3,0.5,iqr_g,757,3009,0.2515785975407112
PV4,5,0.05,iqr_g,3008,3009,0.9996676636756398
PV4,5,0.1,iqr_g,2947,3009,0.9793951478896643
PV4,5,0.15,iqr_g,2636,3009,0.8760385510136258
PV4,5,0.2,iqr_g,2187,3009,0.7268195413758723
PV4,5,0.3,iqr_g,1469,3009,0.48820206048521103
PV4,5,0.5,iqr_g,757,3009,0.2515785975407112
PV4,10,0.05,iqr_g,3008,3009,0.9996676636756398
PV4,10,0.1,iqr_g,2947,3009,0.9793951478896643
PV4,10,0.15,iqr_g,2636,3009,0.8760385510136258
PV4,10,0.2,iqr_g,2187,3009,0.7268195413758723
PV4,10,0.3,iqr_g,1469,3009,0.48820206048521103
PV4,10,0.5,iqr_g,757,3009,0.2515785975407112
PV4,15,0.05,iqr_g,3008,3009,0.9996676636756398
PV4,15,0.1,iqr_g,2947,3009,0.9793951478896643
PV4,15,0.15,iqr_g,2636,3009,0.8760385510136258
PV4,15,0.2,iqr_g,2187,3009,0.7268195413758723
PV4,15,0.3,iqr_g,1469,3009,0.48820206048521103
PV4,15,0.5,iqr_g,757,3009,0.2515785975407112
PV4,20,0.05,iqr_g,3008,3009,0.9996676636756398
PV4,20,0.1,iqr_g,2947,3009,0.9793951478896643
PV4,20,0.15,iqr_g,2636,3009,0.8760385510136258
PV4,20,0.2,iqr_g,2187,3009,0.7268195413758723
PV4,20,0.3,iqr_g,1469,3009,0.48820206048521103
PV4,20,0.5,iqr_g,757,3009,0.2515785975407112
PV4,30,0.05,iqr_g,3008,3009,0.9996676636756398
PV4,30,0.1,iqr_g,2947,3009,0.9793951478896643
PV4,30,0.15,iqr_g,2636,3009,0.8760385510136258
PV4,30,0.2,iqr_g,2187,3009,0.7268195413758723
PV4,30,0.3,iqr_g,1469,3009,0.48820206048521103
PV4,30,0.5,iqr_g,757,3009,0.2515785975407112
PV4,50,0.05,iqr_g,3008,3009,0.9996676636756398
PV4,50,0.1,iqr_g,2947,3009,0.9793951478896643
PV4,50,0.15,iqr_g,2636,3009,0.8760385510136258
PV4,50,0.2,iqr_g,2187,3009,0.7268195413758723
PV4,50,0.3,iqr_g,1469,3009,0.48820206048521103
PV4,50,0.5,iqr_g,757,3009,0.2515785975407112
Pedo557,3,0.05,iqr_g,4418,4423,0.998869545557314
Pedo557,3,0.1,iqr_g,3955,4423,0.8941894641645942
Pedo557,3,0.15,iqr_g,2841,4423,0.6423242143341623
Pedo557,3,0.2,iqr_g,1923,4423,0.43477277865702013
Pedo557,3,0.3,iqr_g,975,4423,0.22043861632376216
Pedo557,3,0.5,iqr_g,449,4423,0.10151480895319918
Pedo557,5,0.05,iqr_g,4418,4423,0.998869545557314
Pedo557,5,0.1,iqr_g,3955,4423,0.8941894641645942
Pedo557,5,0.15,iqr_g,2841,4423,0.6423242143341623
Pedo557,5,0.2,iqr_g,1923,4423,0.43477277865702013
Pedo557,5,0.3,iqr_g,975,4423,0.22043861632376216
Pedo557,5,0.5,iqr_g,449,4423,0.10151480895319918
Pedo557,10,0.05,iqr_g,4418,4423,0.998869545557314
Pedo557,10,0.1,iqr_g,3955,4423,0.8941894641645942
Pedo557,10,0.15,iqr_g,2841,4423,0.6423242143341623
Pedo557,10,0.2,iqr_g,1923,4423,0.43477277865702013
Pedo557,10,0.3,iqr_g,975,4423,0.22043861632376216
Pedo557,10,0.5,iqr_g,449,4423,0.10151480895319918
Pedo557,15,0.05,iqr_g,4418,4423,0.998869545557314
Pedo557,15,0.1,iqr_g,3955,4423,0.8941894641645942
Pedo557,15,0.15,iqr_g,2841,4423,0.6423242143341623
Pedo557,15,0.2,iqr_g,1923,4423,0.43477277865702013
Pedo557,15,0.3,iqr_g,975,4423,0.22043861632376216
Pedo557,15,0.5,iqr_g,449,4423,0.10151480895319918
Pedo557,20,0.05,iqr_g,4418,4423,0.998869545557314
Pedo557,20,0.1,iqr_g,3955,4423,0.8941894641645942
Pedo557,20,0.15,iqr_g,2841,4423,0.6423242143341623
Pedo557,20,0.2,iqr_g,1923,4423,0.43477277865702013
Pedo557,20,0.3,iqr_g,975,4423,0.22043861632376216
Pedo557,20,0.5,iqr_g,449,4423,0.10151480895319918
Pedo557,30,0.05,iqr_g,4418,4423,0.998869545557314
Pedo557,30,0.1,iqr_g,3955,4423,0.8941894641645942
Pedo557,30,0.15,iqr_g,2841,4423,0.6423242143341623
Pedo557,30,0.2,iqr_g,1923,4423,0.43477277865702013
Pedo557,30,0.3,iqr_g,975,4423,0.22043861632376216
Pedo557,30,0.5,iqr_g,449,4423,0.10151480895319918
Pedo557,50,0.05,iqr_g,4418,4423,0.998869545557314
Pedo557,50,0.1,iqr_g,3955,4423,0.8941894641645942
Pedo557,50,0.15,iqr_g,2841,4423,0.6423242143341623
Pedo557,50,0.2,iqr_g,1923,4423,0.43477277865702013
Pedo557,50,0.3,iqr_g,975,4423,0.22043861632376216
Pedo557,50,0.5,iqr_g,449,4423,0.10151480895319918
Phaeo,3,0.05,iqr_g,3089,3099,0.9967731526298806
Phaeo,3,0.1,iqr_g,2956,3099,0.9538560826072927
Phaeo,3,0.15,iqr_g,2508,3099,0.8092933204259438
Phaeo,3,0.2,iqr_g,1905,3099,0.6147144240077445
Phaeo,3,0.3,iqr_g,1031,3099,0.33268796385930943
Phaeo,3,0.5,iqr_g,411,3099,0.13262342691190707
Phaeo,5,0.05,iqr_g,3089,3099,0.9967731526298806
Phaeo,5,0.1,iqr_g,2956,3099,0.9538560826072927
Phaeo,5,0.15,iqr_g,2508,3099,0.8092933204259438
Phaeo,5,0.2,iqr_g,1905,3099,0.6147144240077445
Phaeo,5,0.3,iqr_g,1031,3099,0.33268796385930943
Phaeo,5,0.5,iqr_g,411,3099,0.13262342691190707
Phaeo,10,0.05,iqr_g,3089,3099,0.9967731526298806
Phaeo,10,0.1,iqr_g,2956,3099,0.9538560826072927
Phaeo,10,0.15,iqr_g,2508,3099,0.8092933204259438
Phaeo,10,0.2,iqr_g,1905,3099,0.6147144240077445
Phaeo,10,0.3,iqr_g,1031,3099,0.33268796385930943
Phaeo,10,0.5,iqr_g,411,3099,0.13262342691190707
Phaeo,15,0.05,iqr_g,3089,3099,0.9967731526298806
Phaeo,15,0.1,iqr_g,2956,3099,0.9538560826072927
Phaeo,15,0.15,iqr_g,2508,3099,0.8092933204259438
Phaeo,15,0.2,iqr_g,1905,3099,0.6147144240077445
Phaeo,15,0.3,iqr_g,1031,3099,0.33268796385930943
Phaeo,15,0.5,iqr_g,411,3099,0.13262342691190707
Phaeo,20,0.05,iqr_g,3089,3099,0.9967731526298806
Phaeo,20,0.1,iqr_g,2956,3099,0.9538560826072927
Phaeo,20,0.15,iqr_g,2508,3099,0.8092933204259438
Phaeo,20,0.2,iqr_g,1905,3099,0.6147144240077445
Phaeo,20,0.3,iqr_g,1031,3099,0.33268796385930943
Phaeo,20,0.5,iqr_g,411,3099,0.13262342691190707
Phaeo,30,0.05,iqr_g,3089,3099,0.9967731526298806
Phaeo,30,0.1,iqr_g,2956,3099,0.9538560826072927
Phaeo,30,0.15,iqr_g,2508,3099,0.8092933204259438
Phaeo,30,0.2,iqr_g,1905,3099,0.6147144240077445
Phaeo,30,0.3,iqr_g,1031,3099,0.33268796385930943
Phaeo,30,0.5,iqr_g,411,3099,0.13262342691190707
Phaeo,50,0.05,iqr_g,3089,3099,0.9967731526298806
Phaeo,50,0.1,iqr_g,2956,3099,0.9538560826072927
Phaeo,50,0.15,iqr_g,2508,3099,0.8092933204259438
Phaeo,50,0.2,iqr_g,1905,3099,0.6147144240077445
Phaeo,50,0.3,iqr_g,1031,3099,0.33268796385930943
Phaeo,50,0.5,iqr_g,411,3099,0.13262342691190707
Ponti,3,0.05,iqr_g,3681,3685,0.9989145183175034
Ponti,3,0.1,iqr_g,3358,3685,0.9112618724559023
Ponti,3,0.15,iqr_g,2570,3685,0.6974219810040706
Ponti,3,0.2,iqr_g,1855,3685,0.5033921302578019
Ponti,3,0.3,iqr_g,1041,3685,0.2824966078697422
Ponti,3,0.5,iqr_g,476,3685,0.12917232021709635
Ponti,5,0.05,iqr_g,3681,3685,0.9989145183175034
Ponti,5,0.1,iqr_g,3358,3685,0.9112618724559023
Ponti,5,0.15,iqr_g,2570,3685,0.6974219810040706
Ponti,5,0.2,iqr_g,1855,3685,0.5033921302578019
Ponti,5,0.3,iqr_g,1041,3685,0.2824966078697422
Ponti,5,0.5,iqr_g,476,3685,0.12917232021709635
Ponti,10,0.05,iqr_g,3681,3685,0.9989145183175034
Ponti,10,0.1,iqr_g,3358,3685,0.9112618724559023
Ponti,10,0.15,iqr_g,2570,3685,0.6974219810040706
Ponti,10,0.2,iqr_g,1855,3685,0.5033921302578019
Ponti,10,0.3,iqr_g,1041,3685,0.2824966078697422
Ponti,10,0.5,iqr_g,476,3685,0.12917232021709635
Ponti,15,0.05,iqr_g,3681,3685,0.9989145183175034
Ponti,15,0.1,iqr_g,3358,3685,0.9112618724559023
Ponti,15,0.15,iqr_g,2570,3685,0.6974219810040706
Ponti,15,0.2,iqr_g,1855,3685,0.5033921302578019
Ponti,15,0.3,iqr_g,1041,3685,0.2824966078697422
Ponti,15,0.5,iqr_g,476,3685,0.12917232021709635
Ponti,20,0.05,iqr_g,3681,3685,0.9989145183175034
Ponti,20,0.1,iqr_g,3358,3685,0.9112618724559023
Ponti,20,0.15,iqr_g,2570,3685,0.6974219810040706
Ponti,20,0.2,iqr_g,1855,3685,0.5033921302578019
Ponti,20,0.3,iqr_g,1041,3685,0.2824966078697422
Ponti,20,0.5,iqr_g,476,3685,0.12917232021709635
Ponti,30,0.05,iqr_g,3681,3685,0.9989145183175034
Ponti,30,0.1,iqr_g,3358,3685,0.9112618724559023
Ponti,30,0.15,iqr_g,2570,3685,0.6974219810040706
Ponti,30,0.2,iqr_g,1855,3685,0.5033921302578019
Ponti,30,0.3,iqr_g,1041,3685,0.2824966078697422
Ponti,30,0.5,iqr_g,476,3685,0.12917232021709635
Ponti,50,0.05,iqr_g,0,3685,0.0
Ponti,50,0.1,iqr_g,0,3685,0.0
Ponti,50,0.15,iqr_g,0,3685,0.0
Ponti,50,0.2,iqr_g,0,3685,0.0
Ponti,50,0.3,iqr_g,0,3685,0.0
Ponti,50,0.5,iqr_g,0,3685,0.0
Putida,3,0.05,iqr_g,4776,4778,0.9995814148179154
Putida,3,0.1,iqr_g,4323,4778,0.904771871075764
Putida,3,0.15,iqr_g,3128,4778,0.6546672247802428
Putida,3,0.2,iqr_g,2052,4778,0.4294683968187526
Putida,3,0.3,iqr_g,1017,4778,0.2128505650899958
Putida,3,0.5,iqr_g,368,4778,0.07701967350355797
Putida,5,0.05,iqr_g,4776,4778,0.9995814148179154
Putida,5,0.1,iqr_g,4323,4778,0.904771871075764
Putida,5,0.15,iqr_g,3128,4778,0.6546672247802428
Putida,5,0.2,iqr_g,2052,4778,0.4294683968187526
Putida,5,0.3,iqr_g,1017,4778,0.2128505650899958
Putida,5,0.5,iqr_g,368,4778,0.07701967350355797
Putida,10,0.05,iqr_g,4776,4778,0.9995814148179154
Putida,10,0.1,iqr_g,4323,4778,0.904771871075764
Putida,10,0.15,iqr_g,3128,4778,0.6546672247802428
Putida,10,0.2,iqr_g,2052,4778,0.4294683968187526
Putida,10,0.3,iqr_g,1017,4778,0.2128505650899958
Putida,10,0.5,iqr_g,368,4778,0.07701967350355797
Putida,15,0.05,iqr_g,4776,4778,0.9995814148179154
Putida,15,0.1,iqr_g,4323,4778,0.904771871075764
Putida,15,0.15,iqr_g,3128,4778,0.6546672247802428
Putida,15,0.2,iqr_g,2052,4778,0.4294683968187526
Putida,15,0.3,iqr_g,1017,4778,0.2128505650899958
Putida,15,0.5,iqr_g,368,4778,0.07701967350355797
Putida,20,0.05,iqr_g,4776,4778,0.9995814148179154
Putida,20,0.1,iqr_g,4323,4778,0.904771871075764
Putida,20,0.15,iqr_g,3128,4778,0.6546672247802428
Putida,20,0.2,iqr_g,2052,4778,0.4294683968187526
Putida,20,0.3,iqr_g,1017,4778,0.2128505650899958
Putida,20,0.5,iqr_g,368,4778,0.07701967350355797
Putida,30,0.05,iqr_g,4776,4778,0.9995814148179154
Putida,30,0.1,iqr_g,4323,4778,0.904771871075764
Putida,30,0.15,iqr_g,3128,4778,0.6546672247802428
Putida,30,0.2,iqr_g,2052,4778,0.4294683968187526
Putida,30,0.3,iqr_g,1017,4778,0.2128505650899958
Putida,30,0.5,iqr_g,368,4778,0.07701967350355797
Putida,50,0.05,iqr_g,4776,4778,0.9995814148179154
Putida,50,0.1,iqr_g,4323,4778,0.904771871075764
Putida,50,0.15,iqr_g,3128,4778,0.6546672247802428
Putida,50,0.2,iqr_g,2052,4778,0.4294683968187526
Putida,50,0.3,iqr_g,1017,4778,0.2128505650899958
Putida,50,0.5,iqr_g,368,4778,0.07701967350355797
RalstoniaBSBF1503,3,0.05,iqr_g,0,3779,0.0
RalstoniaBSBF1503,3,0.1,iqr_g,0,3779,0.0
RalstoniaBSBF1503,3,0.15,iqr_g,0,3779,0.0
RalstoniaBSBF1503,3,0.2,iqr_g,0,3779,0.0
RalstoniaBSBF1503,3,0.3,iqr_g,0,3779,0.0
RalstoniaBSBF1503,3,0.5,iqr_g,0,3779,0.0
RalstoniaBSBF1503,5,0.05,iqr_g,0,3779,0.0
RalstoniaBSBF1503,5,0.1,iqr_g,0,3779,0.0
RalstoniaBSBF1503,5,0.15,iqr_g,0,3779,0.0
RalstoniaBSBF1503,5,0.2,iqr_g,0,3779,0.0
RalstoniaBSBF1503,5,0.3,iqr_g,0,3779,0.0
RalstoniaBSBF1503,5,0.5,iqr_g,0,3779,0.0
RalstoniaBSBF1503,10,0.05,iqr_g,0,3779,0.0
RalstoniaBSBF1503,10,0.1,iqr_g,0,3779,0.0
RalstoniaBSBF1503,10,0.15,iqr_g,0,3779,0.0
RalstoniaBSBF1503,10,0.2,iqr_g,0,3779,0.0
RalstoniaBSBF1503,10,0.3,iqr_g,0,3779,0.0
RalstoniaBSBF1503,10,0.5,iqr_g,0,3779,0.0
RalstoniaBSBF1503,15,0.05,iqr_g,0,3779,0.0
RalstoniaBSBF1503,15,0.1,iqr_g,0,3779,0.0
RalstoniaBSBF1503,15,0.15,iqr_g,0,3779,0.0
RalstoniaBSBF1503,15,0.2,iqr_g,0,3779,0.0
RalstoniaBSBF1503,15,0.3,iqr_g,0,3779,0.0
RalstoniaBSBF1503,15,0.5,iqr_g,0,3779,0.0
RalstoniaBSBF1503,20,0.05,iqr_g,0,3779,0.0
RalstoniaBSBF1503,20,0.1,iqr_g,0,3779,0.0
RalstoniaBSBF1503,20,0.15,iqr_g,0,3779,0.0
RalstoniaBSBF1503,20,0.2,iqr_g,0,3779,0.0
RalstoniaBSBF1503,20,0.3,iqr_g,0,3779,0.0
RalstoniaBSBF1503,20,0.5,iqr_g,0,3779,0.0
RalstoniaBSBF1503,30,0.05,iqr_g,0,3779,0.0
RalstoniaBSBF1503,30,0.1,iqr_g,0,3779,0.0
RalstoniaBSBF1503,30,0.15,iqr_g,0,3779,0.0
RalstoniaBSBF1503,30,0.2,iqr_g,0,3779,0.0
RalstoniaBSBF1503,30,0.3,iqr_g,0,3779,0.0
RalstoniaBSBF1503,30,0.5,iqr_g,0,3779,0.0
RalstoniaBSBF1503,50,0.05,iqr_g,0,3779,0.0
RalstoniaBSBF1503,50,0.1,iqr_g,0,3779,0.0
RalstoniaBSBF1503,50,0.15,iqr_g,0,3779,0.0
RalstoniaBSBF1503,50,0.2,iqr_g,0,3779,0.0
RalstoniaBSBF1503,50,0.3,iqr_g,0,3779,0.0
RalstoniaBSBF1503,50,0.5,iqr_g,0,3779,0.0
RalstoniaGMI1000,3,0.05,iqr_g,0,3980,0.0
RalstoniaGMI1000,3,0.1,iqr_g,0,3980,0.0
RalstoniaGMI1000,3,0.15,iqr_g,0,3980,0.0
RalstoniaGMI1000,3,0.2,iqr_g,0,3980,0.0
RalstoniaGMI1000,3,0.3,iqr_g,0,3980,0.0
RalstoniaGMI1000,3,0.5,iqr_g,0,3980,0.0
RalstoniaGMI1000,5,0.05,iqr_g,0,3980,0.0
RalstoniaGMI1000,5,0.1,iqr_g,0,3980,0.0
RalstoniaGMI1000,5,0.15,iqr_g,0,3980,0.0
RalstoniaGMI1000,5,0.2,iqr_g,0,3980,0.0
RalstoniaGMI1000,5,0.3,iqr_g,0,3980,0.0
RalstoniaGMI1000,5,0.5,iqr_g,0,3980,0.0
RalstoniaGMI1000,10,0.05,iqr_g,0,3980,0.0
RalstoniaGMI1000,10,0.1,iqr_g,0,3980,0.0
RalstoniaGMI1000,10,0.15,iqr_g,0,3980,0.0
RalstoniaGMI1000,10,0.2,iqr_g,0,3980,0.0
RalstoniaGMI1000,10,0.3,iqr_g,0,3980,0.0
RalstoniaGMI1000,10,0.5,iqr_g,0,3980,0.0
RalstoniaGMI1000,15,0.05,iqr_g,0,3980,0.0
RalstoniaGMI1000,15,0.1,iqr_g,0,3980,0.0
RalstoniaGMI1000,15,0.15,iqr_g,0,3980,0.0
RalstoniaGMI1000,15,0.2,iqr_g,0,3980,0.0
RalstoniaGMI1000,15,0.3,iqr_g,0,3980,0.0
RalstoniaGMI1000,15,0.5,iqr_g,0,3980,0.0
RalstoniaGMI1000,20,0.05,iqr_g,0,3980,0.0
RalstoniaGMI1000,20,0.1,iqr_g,0,3980,0.0
RalstoniaGMI1000,20,0.15,iqr_g,0,3980,0.0
RalstoniaGMI1000,20,0.2,iqr_g,0,3980,0.0
RalstoniaGMI1000,20,0.3,iqr_g,0,3980,0.0
RalstoniaGMI1000,20,0.5,iqr_g,0,3980,0.0
RalstoniaGMI1000,30,0.05,iqr_g,0,3980,0.0
RalstoniaGMI1000,30,0.1,iqr_g,0,3980,0.0
RalstoniaGMI1000,30,0.15,iqr_g,0,3980,0.0
RalstoniaGMI1000,30,0.2,iqr_g,0,3980,0.0
RalstoniaGMI1000,30,0.3,iqr_g,0,3980,0.0
RalstoniaGMI1000,30,0.5,iqr_g,0,3980,0.0
RalstoniaGMI1000,50,0.05,iqr_g,0,3980,0.0
RalstoniaGMI1000,50,0.1,iqr_g,0,3980,0.0
RalstoniaGMI1000,50,0.15,iqr_g,0,3980,0.0
RalstoniaGMI1000,50,0.2,iqr_g,0,3980,0.0
RalstoniaGMI1000,50,0.3,iqr_g,0,3980,0.0
RalstoniaGMI1000,50,0.5,iqr_g,0,3980,0.0
RalstoniaPSI07,3,0.05,iqr_g,0,4029,0.0
RalstoniaPSI07,3,0.1,iqr_g,0,4029,0.0
RalstoniaPSI07,3,0.15,iqr_g,0,4029,0.0
RalstoniaPSI07,3,0.2,iqr_g,0,4029,0.0
RalstoniaPSI07,3,0.3,iqr_g,0,4029,0.0
RalstoniaPSI07,3,0.5,iqr_g,0,4029,0.0
RalstoniaPSI07,5,0.05,iqr_g,0,4029,0.0
RalstoniaPSI07,5,0.1,iqr_g,0,4029,0.0
RalstoniaPSI07,5,0.15,iqr_g,0,4029,0.0
RalstoniaPSI07,5,0.2,iqr_g,0,4029,0.0
RalstoniaPSI07,5,0.3,iqr_g,0,4029,0.0
RalstoniaPSI07,5,0.5,iqr_g,0,4029,0.0
RalstoniaPSI07,10,0.05,iqr_g,0,4029,0.0
RalstoniaPSI07,10,0.1,iqr_g,0,4029,0.0
RalstoniaPSI07,10,0.15,iqr_g,0,4029,0.0
RalstoniaPSI07,10,0.2,iqr_g,0,4029,0.0
RalstoniaPSI07,10,0.3,iqr_g,0,4029,0.0
RalstoniaPSI07,10,0.5,iqr_g,0,4029,0.0
RalstoniaPSI07,15,0.05,iqr_g,0,4029,0.0
RalstoniaPSI07,15,0.1,iqr_g,0,4029,0.0
RalstoniaPSI07,15,0.15,iqr_g,0,4029,0.0
RalstoniaPSI07,15,0.2,iqr_g,0,4029,0.0
RalstoniaPSI07,15,0.3,iqr_g,0,4029,0.0
RalstoniaPSI07,15,0.5,iqr_g,0,4029,0.0
RalstoniaPSI07,20,0.05,iqr_g,0,4029,0.0
RalstoniaPSI07,20,0.1,iqr_g,0,4029,0.0
RalstoniaPSI07,20,0.15,iqr_g,0,4029,0.0
RalstoniaPSI07,20,0.2,iqr_g,0,4029,0.0
RalstoniaPSI07,20,0.3,iqr_g,0,4029,0.0
RalstoniaPSI07,20,0.5,iqr_g,0,4029,0.0
RalstoniaPSI07,30,0.05,iqr_g,0,4029,0.0
RalstoniaPSI07,30,0.1,iqr_g,0,4029,0.0
RalstoniaPSI07,30,0.15,iqr_g,0,4029,0.0
RalstoniaPSI07,30,0.2,iqr_g,0,4029,0.0
RalstoniaPSI07,30,0.3,iqr_g,0,4029,0.0
RalstoniaPSI07,30,0.5,iqr_g,0,4029,0.0
RalstoniaPSI07,50,0.05,iqr_g,0,4029,0.0
RalstoniaPSI07,50,0.1,iqr_g,0,4029,0.0
RalstoniaPSI07,50,0.15,iqr_g,0,4029,0.0
RalstoniaPSI07,50,0.2,iqr_g,0,4029,0.0
RalstoniaPSI07,50,0.3,iqr_g,0,4029,0.0
RalstoniaPSI07,50,0.5,iqr_g,0,4029,0.0
RalstoniaUW163,3,0.05,iqr_g,0,3795,0.0
RalstoniaUW163,3,0.1,iqr_g,0,3795,0.0
RalstoniaUW163,3,0.15,iqr_g,0,3795,0.0
RalstoniaUW163,3,0.2,iqr_g,0,3795,0.0
RalstoniaUW163,3,0.3,iqr_g,0,3795,0.0
RalstoniaUW163,3,0.5,iqr_g,0,3795,0.0
RalstoniaUW163,5,0.05,iqr_g,0,3795,0.0
RalstoniaUW163,5,0.1,iqr_g,0,3795,0.0
RalstoniaUW163,5,0.15,iqr_g,0,3795,0.0
RalstoniaUW163,5,0.2,iqr_g,0,3795,0.0
RalstoniaUW163,5,0.3,iqr_g,0,3795,0.0
RalstoniaUW163,5,0.5,iqr_g,0,3795,0.0
RalstoniaUW163,10,0.05,iqr_g,0,3795,0.0
RalstoniaUW163,10,0.1,iqr_g,0,3795,0.0
RalstoniaUW163,10,0.15,iqr_g,0,3795,0.0
RalstoniaUW163,10,0.2,iqr_g,0,3795,0.0
RalstoniaUW163,10,0.3,iqr_g,0,3795,0.0
RalstoniaUW163,10,0.5,iqr_g,0,3795,0.0
RalstoniaUW163,15,0.05,iqr_g,0,3795,0.0
RalstoniaUW163,15,0.1,iqr_g,0,3795,0.0
RalstoniaUW163,15,0.15,iqr_g,0,3795,0.0
RalstoniaUW163,15,0.2,iqr_g,0,3795,0.0
RalstoniaUW163,15,0.3,iqr_g,0,3795,0.0
RalstoniaUW163,15,0.5,iqr_g,0,3795,0.0
RalstoniaUW163,20,0.05,iqr_g,0,3795,0.0
RalstoniaUW163,20,0.1,iqr_g,0,3795,0.0
RalstoniaUW163,20,0.15,iqr_g,0,3795,0.0
RalstoniaUW163,20,0.2,iqr_g,0,3795,0.0
RalstoniaUW163,20,0.3,iqr_g,0,3795,0.0
RalstoniaUW163,20,0.5,iqr_g,0,3795,0.0
RalstoniaUW163,30,0.05,iqr_g,0,3795,0.0
RalstoniaUW163,30,0.1,iqr_g,0,3795,0.0
RalstoniaUW163,30,0.15,iqr_g,0,3795,0.0
RalstoniaUW163,30,0.2,iqr_g,0,3795,0.0
RalstoniaUW163,30,0.3,iqr_g,0,3795,0.0
RalstoniaUW163,30,0.5,iqr_g,0,3795,0.0
RalstoniaUW163,50,0.05,iqr_g,0,3795,0.0
RalstoniaUW163,50,0.1,iqr_g,0,3795,0.0
RalstoniaUW163,50,0.15,iqr_g,0,3795,0.0
RalstoniaUW163,50,0.2,iqr_g,0,3795,0.0
RalstoniaUW163,50,0.3,iqr_g,0,3795,0.0
RalstoniaUW163,50,0.5,iqr_g,0,3795,0.0
SB2B,3,0.05,iqr_g,3112,3121,0.9971163088753605
SB2B,3,0.1,iqr_g,2757,3121,0.8833707145145787
SB2B,3,0.15,iqr_g,2057,3121,0.6590836270426146
SB2B,3,0.2,iqr_g,1528,3121,0.48958667093880165
SB2B,3,0.3,iqr_g,961,3121,0.30791413008651075
SB2B,3,0.5,iqr_g,564,3121,0.1807113104774111
SB2B,5,0.05,iqr_g,3112,3121,0.9971163088753605
SB2B,5,0.1,iqr_g,2757,3121,0.8833707145145787
SB2B,5,0.15,iqr_g,2057,3121,0.6590836270426146
SB2B,5,0.2,iqr_g,1528,3121,0.48958667093880165
SB2B,5,0.3,iqr_g,961,3121,0.30791413008651075
SB2B,5,0.5,iqr_g,564,3121,0.1807113104774111
SB2B,10,0.05,iqr_g,3112,3121,0.9971163088753605
SB2B,10,0.1,iqr_g,2757,3121,0.8833707145145787
SB2B,10,0.15,iqr_g,2057,3121,0.6590836270426146
SB2B,10,0.2,iqr_g,1528,3121,0.48958667093880165
SB2B,10,0.3,iqr_g,961,3121,0.30791413008651075
SB2B,10,0.5,iqr_g,564,3121,0.1807113104774111
SB2B,15,0.05,iqr_g,3112,3121,0.9971163088753605
SB2B,15,0.1,iqr_g,2757,3121,0.8833707145145787
SB2B,15,0.15,iqr_g,2057,3121,0.6590836270426146
SB2B,15,0.2,iqr_g,1528,3121,0.48958667093880165
SB2B,15,0.3,iqr_g,961,3121,0.30791413008651075
SB2B,15,0.5,iqr_g,564,3121,0.1807113104774111
SB2B,20,0.05,iqr_g,3112,3121,0.9971163088753605
SB2B,20,0.1,iqr_g,2757,3121,0.8833707145145787
SB2B,20,0.15,iqr_g,2057,3121,0.6590836270426146
SB2B,20,0.2,iqr_g,1528,3121,0.48958667093880165
SB2B,20,0.3,iqr_g,961,3121,0.30791413008651075
SB2B,20,0.5,iqr_g,564,3121,0.1807113104774111
SB2B,30,0.05,iqr_g,3112,3121,0.9971163088753605
SB2B,30,0.1,iqr_g,2757,3121,0.8833707145145787
SB2B,30,0.15,iqr_g,2057,3121,0.6590836270426146
SB2B,30,0.2,iqr_g,1528,3121,0.48958667093880165
SB2B,30,0.3,iqr_g,961,3121,0.30791413008651075
SB2B,30,0.5,iqr_g,564,3121,0.1807113104774111
SB2B,50,0.05,iqr_g,3112,3121,0.9971163088753605
SB2B,50,0.1,iqr_g,2757,3121,0.8833707145145787
SB2B,50,0.15,iqr_g,2057,3121,0.6590836270426146
SB2B,50,0.2,iqr_g,1528,3121,0.48958667093880165
SB2B,50,0.3,iqr_g,961,3121,0.30791413008651075
SB2B,50,0.5,iqr_g,564,3121,0.1807113104774111
Smeli,3,0.05,iqr_g,5133,5133,1.0
Smeli,3,0.1,iqr_g,5035,5133,0.9809078511591662
Smeli,3,0.15,iqr_g,4368,5133,0.8509643483343075
Smeli,3,0.2,iqr_g,3243,5133,0.6317942723553478
Smeli,3,0.3,iqr_g,1755,5133,0.3419053185271771
Smeli,3,0.5,iqr_g,705,5133,0.13734658094681473
Smeli,5,0.05,iqr_g,5133,5133,1.0
Smeli,5,0.1,iqr_g,5035,5133,0.9809078511591662
Smeli,5,0.15,iqr_g,4368,5133,0.8509643483343075
Smeli,5,0.2,iqr_g,3243,5133,0.6317942723553478
Smeli,5,0.3,iqr_g,1755,5133,0.3419053185271771
Smeli,5,0.5,iqr_g,705,5133,0.13734658094681473
Smeli,10,0.05,iqr_g,5133,5133,1.0
Smeli,10,0.1,iqr_g,5035,5133,0.9809078511591662
Smeli,10,0.15,iqr_g,4368,5133,0.8509643483343075
Smeli,10,0.2,iqr_g,3243,5133,0.6317942723553478
Smeli,10,0.3,iqr_g,1755,5133,0.3419053185271771
Smeli,10,0.5,iqr_g,705,5133,0.13734658094681473
Smeli,15,0.05,iqr_g,5133,5133,1.0
Smeli,15,0.1,iqr_g,5035,5133,0.9809078511591662
Smeli,15,0.15,iqr_g,4368,5133,0.8509643483343075
Smeli,15,0.2,iqr_g,3243,5133,0.6317942723553478
Smeli,15,0.3,iqr_g,1755,5133,0.3419053185271771
Smeli,15,0.5,iqr_g,705,5133,0.13734658094681473
Smeli,20,0.05,iqr_g,5133,5133,1.0
Smeli,20,0.1,iqr_g,5035,5133,0.9809078511591662
Smeli,20,0.15,iqr_g,4368,5133,0.8509643483343075
Smeli,20,0.2,iqr_g,3243,5133,0.6317942723553478
Smeli,20,0.3,iqr_g,1755,5133,0.3419053185271771
Smeli,20,0.5,iqr_g,705,5133,0.13734658094681473
Smeli,30,0.05,iqr_g,5133,5133,1.0
Smeli,30,0.1,iqr_g,5035,5133,0.9809078511591662
Smeli,30,0.15,iqr_g,4368,5133,0.8509643483343075
Smeli,30,0.2,iqr_g,3243,5133,0.6317942723553478
Smeli,30,0.3,iqr_g,1755,5133,0.3419053185271771
Smeli,30,0.5,iqr_g,705,5133,0.13734658094681473
Smeli,50,0.05,iqr_g,5133,5133,1.0
Smeli,50,0.1,iqr_g,5035,5133,0.9809078511591662
Smeli,50,0.15,iqr_g,4368,5133,0.8509643483343075
Smeli,50,0.2,iqr_g,3243,5133,0.6317942723553478
Smeli,50,0.3,iqr_g,1755,5133,0.3419053185271771
Smeli,50,0.5,iqr_g,705,5133,0.13734658094681473
SynE,3,0.05,iqr_g,1899,1899,1.0
SynE,3,0.1,iqr_g,1878,1899,0.9889415481832543
SynE,3,0.15,iqr_g,1765,1899,0.9294365455502897
SynE,3,0.2,iqr_g,1567,1899,0.8251711427066877
SynE,3,0.3,iqr_g,1174,1899,0.6182201158504476
SynE,3,0.5,iqr_g,751,1899,0.3954713006845708
SynE,5,0.05,iqr_g,1899,1899,1.0
SynE,5,0.1,iqr_g,1878,1899,0.9889415481832543
SynE,5,0.15,iqr_g,1765,1899,0.9294365455502897
SynE,5,0.2,iqr_g,1567,1899,0.8251711427066877
SynE,5,0.3,iqr_g,1174,1899,0.6182201158504476
SynE,5,0.5,iqr_g,751,1899,0.3954713006845708
SynE,10,0.05,iqr_g,1899,1899,1.0
SynE,10,0.1,iqr_g,1878,1899,0.9889415481832543
SynE,10,0.15,iqr_g,1765,1899,0.9294365455502897
SynE,10,0.2,iqr_g,1567,1899,0.8251711427066877
SynE,10,0.3,iqr_g,1174,1899,0.6182201158504476
SynE,10,0.5,iqr_g,751,1899,0.3954713006845708
SynE,15,0.05,iqr_g,1899,1899,1.0
SynE,15,0.1,iqr_g,1878,1899,0.9889415481832543
SynE,15,0.15,iqr_g,1765,1899,0.9294365455502897
SynE,15,0.2,iqr_g,1567,1899,0.8251711427066877
SynE,15,0.3,iqr_g,1174,1899,0.6182201158504476
SynE,15,0.5,iqr_g,751,1899,0.3954713006845708
SynE,20,0.05,iqr_g,1899,1899,1.0
SynE,20,0.1,iqr_g,1878,1899,0.9889415481832543
SynE,20,0.15,iqr_g,1765,1899,0.9294365455502897
SynE,20,0.2,iqr_g,1567,1899,0.8251711427066877
SynE,20,0.3,iqr_g,1174,1899,0.6182201158504476
SynE,20,0.5,iqr_g,751,1899,0.3954713006845708
SynE,30,0.05,iqr_g,1899,1899,1.0
SynE,30,0.1,iqr_g,1878,1899,0.9889415481832543
SynE,30,0.15,iqr_g,1765,1899,0.9294365455502897
SynE,30,0.2,iqr_g,1567,1899,0.8251711427066877
SynE,30,0.3,iqr_g,1174,1899,0.6182201158504476
SynE,30,0.5,iqr_g,751,1899,0.3954713006845708
SynE,50,0.05,iqr_g,1899,1899,1.0
SynE,50,0.1,iqr_g,1878,1899,0.9889415481832543
SynE,50,0.15,iqr_g,1765,1899,0.9294365455502897
SynE,50,0.2,iqr_g,1567,1899,0.8251711427066877
SynE,50,0.3,iqr_g,1174,1899,0.6182201158504476
SynE,50,0.5,iqr_g,751,1899,0.3954713006845708
SyringaeB728a,3,0.05,iqr_g,4307,4314,0.9983773759851646
SyringaeB728a,3,0.1,iqr_g,4012,4314,0.9299953639313862
SyringaeB728a,3,0.15,iqr_g,3300,4314,0.7649513212795549
SyringaeB728a,3,0.2,iqr_g,2523,4314,0.5848400556328234
SyringaeB728a,3,0.3,iqr_g,1382,4314,0.32035234121464995
SyringaeB728a,3,0.5,iqr_g,480,4314,0.11126564673157163
SyringaeB728a,5,0.05,iqr_g,4307,4314,0.9983773759851646
SyringaeB728a,5,0.1,iqr_g,4012,4314,0.9299953639313862
SyringaeB728a,5,0.15,iqr_g,3300,4314,0.7649513212795549
SyringaeB728a,5,0.2,iqr_g,2523,4314,0.5848400556328234
SyringaeB728a,5,0.3,iqr_g,1382,4314,0.32035234121464995
SyringaeB728a,5,0.5,iqr_g,480,4314,0.11126564673157163
SyringaeB728a,10,0.05,iqr_g,4307,4314,0.9983773759851646
SyringaeB728a,10,0.1,iqr_g,4012,4314,0.9299953639313862
SyringaeB728a,10,0.15,iqr_g,3300,4314,0.7649513212795549
SyringaeB728a,10,0.2,iqr_g,2523,4314,0.5848400556328234
SyringaeB728a,10,0.3,iqr_g,1382,4314,0.32035234121464995
SyringaeB728a,10,0.5,iqr_g,480,4314,0.11126564673157163
SyringaeB728a,15,0.05,iqr_g,4307,4314,0.9983773759851646
SyringaeB728a,15,0.1,iqr_g,4012,4314,0.9299953639313862
SyringaeB728a,15,0.15,iqr_g,3300,4314,0.7649513212795549
SyringaeB728a,15,0.2,iqr_g,2523,4314,0.5848400556328234
SyringaeB728a,15,0.3,iqr_g,1382,4314,0.32035234121464995
SyringaeB728a,15,0.5,iqr_g,480,4314,0.11126564673157163
SyringaeB728a,20,0.05,iqr_g,4307,4314,0.9983773759851646
SyringaeB728a,20,0.1,iqr_g,4012,4314,0.9299953639313862
SyringaeB728a,20,0.15,iqr_g,3300,4314,0.7649513212795549
SyringaeB728a,20,0.2,iqr_g,2523,4314,0.5848400556328234
SyringaeB728a,20,0.3,iqr_g,1382,4314,0.32035234121464995
SyringaeB728a,20,0.5,iqr_g,480,4314,0.11126564673157163
SyringaeB728a,30,0.05,iqr_g,0,4314,0.0
SyringaeB728a,30,0.1,iqr_g,0,4314,0.0
SyringaeB728a,30,0.15,iqr_g,0,4314,0.0
SyringaeB728a,30,0.2,iqr_g,0,4314,0.0
SyringaeB728a,30,0.3,iqr_g,0,4314,0.0
SyringaeB728a,30,0.5,iqr_g,0,4314,0.0
SyringaeB728a,50,0.05,iqr_g,0,4314,0.0
SyringaeB728a,50,0.1,iqr_g,0,4314,0.0
SyringaeB728a,50,0.15,iqr_g,0,4314,0.0
SyringaeB728a,50,0.2,iqr_g,0,4314,0.0
SyringaeB728a,50,0.3,iqr_g,0,4314,0.0
SyringaeB728a,50,0.5,iqr_g,0,4314,0.0
SyringaeB728a_mexBdelta,3,0.05,iqr_g,4270,4282,0.9971975712283979
SyringaeB728a_mexBdelta,3,0.1,iqr_g,3984,4282,0.9304063521718823
SyringaeB728a_mexBdelta,3,0.15,iqr_g,3322,4282,0.7758056982718355
SyringaeB728a_mexBdelta,3,0.2,iqr_g,2547,4282,0.5948155067725363
SyringaeB728a_mexBdelta,3,0.3,iqr_g,1428,4282,0.33348902382064455
SyringaeB728a_mexBdelta,3,0.5,iqr_g,481,4282,0.11233068659504904
SyringaeB728a_mexBdelta,5,0.05,iqr_g,4270,4282,0.9971975712283979
SyringaeB728a_mexBdelta,5,0.1,iqr_g,3984,4282,0.9304063521718823
SyringaeB728a_mexBdelta,5,0.15,iqr_g,3322,4282,0.7758056982718355
SyringaeB728a_mexBdelta,5,0.2,iqr_g,2547,4282,0.5948155067725363
SyringaeB728a_mexBdelta,5,0.3,iqr_g,1428,4282,0.33348902382064455
SyringaeB728a_mexBdelta,5,0.5,iqr_g,481,4282,0.11233068659504904
SyringaeB728a_mexBdelta,10,0.05,iqr_g,4270,4282,0.9971975712283979
SyringaeB728a_mexBdelta,10,0.1,iqr_g,3984,4282,0.9304063521718823
SyringaeB728a_mexBdelta,10,0.15,iqr_g,3322,4282,0.7758056982718355
SyringaeB728a_mexBdelta,10,0.2,iqr_g,2547,4282,0.5948155067725363
SyringaeB728a_mexBdelta,10,0.3,iqr_g,1428,4282,0.33348902382064455
SyringaeB728a_mexBdelta,10,0.5,iqr_g,481,4282,0.11233068659504904
SyringaeB728a_mexBdelta,15,0.05,iqr_g,4270,4282,0.9971975712283979
SyringaeB728a_mexBdelta,15,0.1,iqr_g,3984,4282,0.9304063521718823
SyringaeB728a_mexBdelta,15,0.15,iqr_g,3322,4282,0.7758056982718355
SyringaeB728a_mexBdelta,15,0.2,iqr_g,2547,4282,0.5948155067725363
SyringaeB728a_mexBdelta,15,0.3,iqr_g,1428,4282,0.33348902382064455
SyringaeB728a_mexBdelta,15,0.5,iqr_g,481,4282,0.11233068659504904
SyringaeB728a_mexBdelta,20,0.05,iqr_g,4270,4282,0.9971975712283979
SyringaeB728a_mexBdelta,20,0.1,iqr_g,3984,4282,0.9304063521718823
SyringaeB728a_mexBdelta,20,0.15,iqr_g,3322,4282,0.7758056982718355
SyringaeB728a_mexBdelta,20,0.2,iqr_g,2547,4282,0.5948155067725363
SyringaeB728a_mexBdelta,20,0.3,iqr_g,1428,4282,0.33348902382064455
SyringaeB728a_mexBdelta,20,0.5,iqr_g,481,4282,0.11233068659504904
SyringaeB728a_mexBdelta,30,0.05,iqr_g,0,4282,0.0
SyringaeB728a_mexBdelta,30,0.1,iqr_g,0,4282,0.0
SyringaeB728a_mexBdelta,30,0.15,iqr_g,0,4282,0.0
SyringaeB728a_mexBdelta,30,0.2,iqr_g,0,4282,0.0
SyringaeB728a_mexBdelta,30,0.3,iqr_g,0,4282,0.0
SyringaeB728a_mexBdelta,30,0.5,iqr_g,0,4282,0.0
SyringaeB728a_mexBdelta,50,0.05,iqr_g,0,4282,0.0
SyringaeB728a_mexBdelta,50,0.1,iqr_g,0,4282,0.0
SyringaeB728a_mexBdelta,50,0.15,iqr_g,0,4282,0.0
SyringaeB728a_mexBdelta,50,0.2,iqr_g,0,4282,0.0
SyringaeB728a_mexBdelta,50,0.3,iqr_g,0,4282,0.0
SyringaeB728a_mexBdelta,50,0.5,iqr_g,0,4282,0.0
WCS417,3,0.05,iqr_g,4416,4419,0.9993211133740665
WCS417,3,0.1,iqr_g,4282,4419,0.9689975107490383
WCS417,3,0.15,iqr_g,3510,4419,0.7942973523421588
WCS417,3,0.2,iqr_g,2627,4419,0.5944783887757411
WCS417,3,0.3,iqr_g,1379,4419,0.31206155238741795
WCS417,3,0.5,iqr_g,419,4419,0.09481783208870785
WCS417,5,0.05,iqr_g,4416,4419,0.9993211133740665
WCS417,5,0.1,iqr_g,4282,4419,0.9689975107490383
WCS417,5,0.15,iqr_g,3510,4419,0.7942973523421588
WCS417,5,0.2,iqr_g,2627,4419,0.5944783887757411
WCS417,5,0.3,iqr_g,1379,4419,0.31206155238741795
WCS417,5,0.5,iqr_g,419,4419,0.09481783208870785
WCS417,10,0.05,iqr_g,4416,4419,0.9993211133740665
WCS417,10,0.1,iqr_g,4282,4419,0.9689975107490383
WCS417,10,0.15,iqr_g,3510,4419,0.7942973523421588
WCS417,10,0.2,iqr_g,2627,4419,0.5944783887757411
WCS417,10,0.3,iqr_g,1379,4419,0.31206155238741795
WCS417,10,0.5,iqr_g,419,4419,0.09481783208870785
WCS417,15,0.05,iqr_g,4416,4419,0.9993211133740665
WCS417,15,0.1,iqr_g,4282,4419,0.9689975107490383
WCS417,15,0.15,iqr_g,3510,4419,0.7942973523421588
WCS417,15,0.2,iqr_g,2627,4419,0.5944783887757411
WCS417,15,0.3,iqr_g,1379,4419,0.31206155238741795
WCS417,15,0.5,iqr_g,419,4419,0.09481783208870785
WCS417,20,0.05,iqr_g,4416,4419,0.9993211133740665
WCS417,20,0.1,iqr_g,4282,4419,0.9689975107490383
WCS417,20,0.15,iqr_g,3510,4419,0.7942973523421588
WCS417,20,0.2,iqr_g,2627,4419,0.5944783887757411
WCS417,20,0.3,iqr_g,1379,4419,0.31206155238741795
WCS417,20,0.5,iqr_g,419,4419,0.09481783208870785
WCS417,30,0.05,iqr_g,4416,4419,0.9993211133740665
WCS417,30,0.1,iqr_g,4282,4419,0.9689975107490383
WCS417,30,0.15,iqr_g,3510,4419,0.7942973523421588
WCS417,30,0.2,iqr_g,2627,4419,0.5944783887757411
WCS417,30,0.3,iqr_g,1379,4419,0.31206155238741795
WCS417,30,0.5,iqr_g,419,4419,0.09481783208870785
WCS417,50,0.05,iqr_g,4416,4419,0.9993211133740665
WCS417,50,0.1,iqr_g,4282,4419,0.9689975107490383
WCS417,50,0.15,iqr_g,3510,4419,0.7942973523421588
WCS417,50,0.2,iqr_g,2627,4419,0.5944783887757411
WCS417,50,0.3,iqr_g,1379,4419,0.31206155238741795
WCS417,50,0.5,iqr_g,419,4419,0.09481783208870785
acidovorax_3H11,3,0.05,iqr_g,3933,3935,0.9994917407878018
acidovorax_3H11,3,0.1,iqr_g,3836,3935,0.974841168996188
acidovorax_3H11,3,0.15,iqr_g,3317,3935,0.8429479034307497
acidovorax_3H11,3,0.2,iqr_g,2567,3935,0.6523506988564167
acidovorax_3H11,3,0.3,iqr_g,1514,3935,0.38475222363405337
acidovorax_3H11,3,0.5,iqr_g,671,3935,0.1705209656925032
acidovorax_3H11,5,0.05,iqr_g,3933,3935,0.9994917407878018
acidovorax_3H11,5,0.1,iqr_g,3836,3935,0.974841168996188
acidovorax_3H11,5,0.15,iqr_g,3317,3935,0.8429479034307497
acidovorax_3H11,5,0.2,iqr_g,2567,3935,0.6523506988564167
acidovorax_3H11,5,0.3,iqr_g,1514,3935,0.38475222363405337
acidovorax_3H11,5,0.5,iqr_g,671,3935,0.1705209656925032
acidovorax_3H11,10,0.05,iqr_g,3933,3935,0.9994917407878018
acidovorax_3H11,10,0.1,iqr_g,3836,3935,0.974841168996188
acidovorax_3H11,10,0.15,iqr_g,3317,3935,0.8429479034307497
acidovorax_3H11,10,0.2,iqr_g,2567,3935,0.6523506988564167
acidovorax_3H11,10,0.3,iqr_g,1514,3935,0.38475222363405337
acidovorax_3H11,10,0.5,iqr_g,671,3935,0.1705209656925032
acidovorax_3H11,15,0.05,iqr_g,3933,3935,0.9994917407878018
acidovorax_3H11,15,0.1,iqr_g,3836,3935,0.974841168996188
acidovorax_3H11,15,0.15,iqr_g,3317,3935,0.8429479034307497
acidovorax_3H11,15,0.2,iqr_g,2567,3935,0.6523506988564167
acidovorax_3H11,15,0.3,iqr_g,1514,3935,0.38475222363405337
acidovorax_3H11,15,0.5,iqr_g,671,3935,0.1705209656925032
acidovorax_3H11,20,0.05,iqr_g,3933,3935,0.9994917407878018
acidovorax_3H11,20,0.1,iqr_g,3836,3935,0.974841168996188
acidovorax_3H11,20,0.15,iqr_g,3317,3935,0.8429479034307497
acidovorax_3H11,20,0.2,iqr_g,2567,3935,0.6523506988564167
acidovorax_3H11,20,0.3,iqr_g,1514,3935,0.38475222363405337
acidovorax_3H11,20,0.5,iqr_g,671,3935,0.1705209656925032
acidovorax_3H11,30,0.05,iqr_g,3933,3935,0.9994917407878018
acidovorax_3H11,30,0.1,iqr_g,3836,3935,0.974841168996188
acidovorax_3H11,30,0.15,iqr_g,3317,3935,0.8429479034307497
acidovorax_3H11,30,0.2,iqr_g,2567,3935,0.6523506988564167
acidovorax_3H11,30,0.3,iqr_g,1514,3935,0.38475222363405337
acidovorax_3H11,30,0.5,iqr_g,671,3935,0.1705209656925032
acidovorax_3H11,50,0.05,iqr_g,3933,3935,0.9994917407878018
acidovorax_3H11,50,0.1,iqr_g,3836,3935,0.974841168996188
acidovorax_3H11,50,0.15,iqr_g,3317,3935,0.8429479034307497
acidovorax_3H11,50,0.2,iqr_g,2567,3935,0.6523506988564167
acidovorax_3H11,50,0.3,iqr_g,1514,3935,0.38475222363405337
acidovorax_3H11,50,0.5,iqr_g,671,3935,0.1705209656925032
azobra,3,0.05,iqr_g,4833,4833,1.0
azobra,3,0.1,iqr_g,4659,4833,0.9639975170701428
azobra,3,0.15,iqr_g,4007,4833,0.8290916614938961
azobra,3,0.2,iqr_g,3148,4833,0.6513552658804056
azobra,3,0.3,iqr_g,1909,4833,0.39499275812124973
azobra,3,0.5,iqr_g,727,4833,0.15042416718394372
azobra,5,0.05,iqr_g,4833,4833,1.0
azobra,5,0.1,iqr_g,4659,4833,0.9639975170701428
azobra,5,0.15,iqr_g,4007,4833,0.8290916614938961
azobra,5,0.2,iqr_g,3148,4833,0.6513552658804056
azobra,5,0.3,iqr_g,1909,4833,0.39499275812124973
azobra,5,0.5,iqr_g,727,4833,0.15042416718394372
azobra,10,0.05,iqr_g,4833,4833,1.0
azobra,10,0.1,iqr_g,4659,4833,0.9639975170701428
azobra,10,0.15,iqr_g,4007,4833,0.8290916614938961
azobra,10,0.2,iqr_g,3148,4833,0.6513552658804056
azobra,10,0.3,iqr_g,1909,4833,0.39499275812124973
azobra,10,0.5,iqr_g,727,4833,0.15042416718394372
azobra,15,0.05,iqr_g,4833,4833,1.0
azobra,15,0.1,iqr_g,4659,4833,0.9639975170701428
azobra,15,0.15,iqr_g,4007,4833,0.8290916614938961
azobra,15,0.2,iqr_g,3148,4833,0.6513552658804056
azobra,15,0.3,iqr_g,1909,4833,0.39499275812124973
azobra,15,0.5,iqr_g,727,4833,0.15042416718394372
azobra,20,0.05,iqr_g,4833,4833,1.0
azobra,20,0.1,iqr_g,4659,4833,0.9639975170701428
azobra,20,0.15,iqr_g,4007,4833,0.8290916614938961
azobra,20,0.2,iqr_g,3148,4833,0.6513552658804056
azobra,20,0.3,iqr_g,1909,4833,0.39499275812124973
azobra,20,0.5,iqr_g,727,4833,0.15042416718394372
azobra,30,0.05,iqr_g,4833,4833,1.0
azobra,30,0.1,iqr_g,4659,4833,0.9639975170701428
azobra,30,0.15,iqr_g,4007,4833,0.8290916614938961
azobra,30,0.2,iqr_g,3148,4833,0.6513552658804056
azobra,30,0.3,iqr_g,1909,4833,0.39499275812124973
azobra,30,0.5,iqr_g,727,4833,0.15042416718394372
azobra,50,0.05,iqr_g,4833,4833,1.0
azobra,50,0.1,iqr_g,4659,4833,0.9639975170701428
azobra,50,0.15,iqr_g,4007,4833,0.8290916614938961
azobra,50,0.2,iqr_g,3148,4833,0.6513552658804056
azobra,50,0.3,iqr_g,1909,4833,0.39499275812124973
azobra,50,0.5,iqr_g,727,4833,0.15042416718394372
psRCH2,3,0.05,iqr_g,3349,3349,1.0
psRCH2,3,0.1,iqr_g,3341,3349,0.9976112272320096
psRCH2,3,0.15,iqr_g,3177,3349,0.9486413854882054
psRCH2,3,0.2,iqr_g,2715,3349,0.8106897581367573
psRCH2,3,0.3,iqr_g,1684,3349,0.5028366676619886
psRCH2,3,0.5,iqr_g,700,3349,0.20901761719916392
psRCH2,5,0.05,iqr_g,3349,3349,1.0
psRCH2,5,0.1,iqr_g,3341,3349,0.9976112272320096
psRCH2,5,0.15,iqr_g,3177,3349,0.9486413854882054
psRCH2,5,0.2,iqr_g,2715,3349,0.8106897581367573
psRCH2,5,0.3,iqr_g,1684,3349,0.5028366676619886
psRCH2,5,0.5,iqr_g,700,3349,0.20901761719916392
psRCH2,10,0.05,iqr_g,3349,3349,1.0
psRCH2,10,0.1,iqr_g,3341,3349,0.9976112272320096
psRCH2,10,0.15,iqr_g,3177,3349,0.9486413854882054
psRCH2,10,0.2,iqr_g,2715,3349,0.8106897581367573
psRCH2,10,0.3,iqr_g,1684,3349,0.5028366676619886
psRCH2,10,0.5,iqr_g,700,3349,0.20901761719916392
psRCH2,15,0.05,iqr_g,3349,3349,1.0
psRCH2,15,0.1,iqr_g,3341,3349,0.9976112272320096
psRCH2,15,0.15,iqr_g,3177,3349,0.9486413854882054
psRCH2,15,0.2,iqr_g,2715,3349,0.8106897581367573
psRCH2,15,0.3,iqr_g,1684,3349,0.5028366676619886
psRCH2,15,0.5,iqr_g,700,3349,0.20901761719916392
psRCH2,20,0.05,iqr_g,3349,3349,1.0
psRCH2,20,0.1,iqr_g,3341,3349,0.9976112272320096
psRCH2,20,0.15,iqr_g,3177,3349,0.9486413854882054
psRCH2,20,0.2,iqr_g,2715,3349,0.8106897581367573
psRCH2,20,0.3,iqr_g,1684,3349,0.5028366676619886
psRCH2,20,0.5,iqr_g,700,3349,0.20901761719916392
psRCH2,30,0.05,iqr_g,3349,3349,1.0
psRCH2,30,0.1,iqr_g,3341,3349,0.9976112272320096
psRCH2,30,0.15,iqr_g,3177,3349,0.9486413854882054
psRCH2,30,0.2,iqr_g,2715,3349,0.8106897581367573
psRCH2,30,0.3,iqr_g,1684,3349,0.5028366676619886
psRCH2,30,0.5,iqr_g,700,3349,0.20901761719916392
psRCH2,50,0.05,iqr_g,3349,3349,1.0
psRCH2,50,0.1,iqr_g,3341,3349,0.9976112272320096
psRCH2,50,0.15,iqr_g,3177,3349,0.9486413854882054
psRCH2,50,0.2,iqr_g,2715,3349,0.8106897581367573
psRCH2,50,0.3,iqr_g,1684,3349,0.5028366676619886
psRCH2,50,0.5,iqr_g,700,3349,0.20901761719916392
pseudo13_GW456_L13,3,0.05,iqr_g,4348,4350,0.9995402298850574
pseudo13_GW456_L13,3,0.1,iqr_g,4160,4350,0.9563218390804598
pseudo13_GW456_L13,3,0.15,iqr_g,3399,4350,0.7813793103448275
pseudo13_GW456_L13,3,0.2,iqr_g,2535,4350,0.5827586206896552
pseudo13_GW456_L13,3,0.3,iqr_g,1447,4350,0.33264367816091955
pseudo13_GW456_L13,3,0.5,iqr_g,627,4350,0.14413793103448275
pseudo13_GW456_L13,5,0.05,iqr_g,4348,4350,0.9995402298850574
pseudo13_GW456_L13,5,0.1,iqr_g,4160,4350,0.9563218390804598
pseudo13_GW456_L13,5,0.15,iqr_g,3399,4350,0.7813793103448275
pseudo13_GW456_L13,5,0.2,iqr_g,2535,4350,0.5827586206896552
pseudo13_GW456_L13,5,0.3,iqr_g,1447,4350,0.33264367816091955
pseudo13_GW456_L13,5,0.5,iqr_g,627,4350,0.14413793103448275
pseudo13_GW456_L13,10,0.05,iqr_g,4348,4350,0.9995402298850574
pseudo13_GW456_L13,10,0.1,iqr_g,4160,4350,0.9563218390804598
pseudo13_GW456_L13,10,0.15,iqr_g,3399,4350,0.7813793103448275
pseudo13_GW456_L13,10,0.2,iqr_g,2535,4350,0.5827586206896552
pseudo13_GW456_L13,10,0.3,iqr_g,1447,4350,0.33264367816091955
pseudo13_GW456_L13,10,0.5,iqr_g,627,4350,0.14413793103448275
pseudo13_GW456_L13,15,0.05,iqr_g,4348,4350,0.9995402298850574
pseudo13_GW456_L13,15,0.1,iqr_g,4160,4350,0.9563218390804598
pseudo13_GW456_L13,15,0.15,iqr_g,3399,4350,0.7813793103448275
pseudo13_GW456_L13,15,0.2,iqr_g,2535,4350,0.5827586206896552
pseudo13_GW456_L13,15,0.3,iqr_g,1447,4350,0.33264367816091955
pseudo13_GW456_L13,15,0.5,iqr_g,627,4350,0.14413793103448275
pseudo13_GW456_L13,20,0.05,iqr_g,4348,4350,0.9995402298850574
pseudo13_GW456_L13,20,0.1,iqr_g,4160,4350,0.9563218390804598
pseudo13_GW456_L13,20,0.15,iqr_g,3399,4350,0.7813793103448275
pseudo13_GW456_L13,20,0.2,iqr_g,2535,4350,0.5827586206896552
pseudo13_GW456_L13,20,0.3,iqr_g,1447,4350,0.33264367816091955
pseudo13_GW456_L13,20,0.5,iqr_g,627,4350,0.14413793103448275
pseudo13_GW456_L13,30,0.05,iqr_g,4348,4350,0.9995402298850574
pseudo13_GW456_L13,30,0.1,iqr_g,4160,4350,0.9563218390804598
pseudo13_GW456_L13,30,0.15,iqr_g,3399,4350,0.7813793103448275
pseudo13_GW456_L13,30,0.2,iqr_g,2535,4350,0.5827586206896552
pseudo13_GW456_L13,30,0.3,iqr_g,1447,4350,0.33264367816091955
pseudo13_GW456_L13,30,0.5,iqr_g,627,4350,0.14413793103448275
pseudo13_GW456_L13,50,0.05,iqr_g,4348,4350,0.9995402298850574
pseudo13_GW456_L13,50,0.1,iqr_g,4160,4350,0.9563218390804598
pseudo13_GW456_L13,50,0.15,iqr_g,3399,4350,0.7813793103448275
pseudo13_GW456_L13,50,0.2,iqr_g,2535,4350,0.5827586206896552
pseudo13_GW456_L13,50,0.3,iqr_g,1447,4350,0.33264367816091955
pseudo13_GW456_L13,50,0.5,iqr_g,627,4350,0.14413793103448275
pseudo1_N1B4,3,0.05,iqr_g,4336,4336,1.0
pseudo1_N1B4,3,0.1,iqr_g,4312,4336,0.9944649446494465
pseudo1_N1B4,3,0.15,iqr_g,4153,4336,0.9577952029520295
pseudo1_N1B4,3,0.2,iqr_g,3715,4336,0.856780442804428
pseudo1_N1B4,3,0.3,iqr_g,2520,4336,0.5811808118081181
pseudo1_N1B4,3,0.5,iqr_g,974,4336,0.2246309963099631
pseudo1_N1B4,5,0.05,iqr_g,4336,4336,1.0
pseudo1_N1B4,5,0.1,iqr_g,4312,4336,0.9944649446494465
pseudo1_N1B4,5,0.15,iqr_g,4153,4336,0.9577952029520295
pseudo1_N1B4,5,0.2,iqr_g,3715,4336,0.856780442804428
pseudo1_N1B4,5,0.3,iqr_g,2520,4336,0.5811808118081181
pseudo1_N1B4,5,0.5,iqr_g,974,4336,0.2246309963099631
pseudo1_N1B4,10,0.05,iqr_g,4336,4336,1.0
pseudo1_N1B4,10,0.1,iqr_g,4312,4336,0.9944649446494465
pseudo1_N1B4,10,0.15,iqr_g,4153,4336,0.9577952029520295
pseudo1_N1B4,10,0.2,iqr_g,3715,4336,0.856780442804428
pseudo1_N1B4,10,0.3,iqr_g,2520,4336,0.5811808118081181
pseudo1_N1B4,10,0.5,iqr_g,974,4336,0.2246309963099631
pseudo1_N1B4,15,0.05,iqr_g,4336,4336,1.0
pseudo1_N1B4,15,0.1,iqr_g,4312,4336,0.9944649446494465
pseudo1_N1B4,15,0.15,iqr_g,4153,4336,0.9577952029520295
pseudo1_N1B4,15,0.2,iqr_g,3715,4336,0.856780442804428
pseudo1_N1B4,15,0.3,iqr_g,2520,4336,0.5811808118081181
pseudo1_N1B4,15,0.5,iqr_g,974,4336,0.2246309963099631
pseudo1_N1B4,20,0.05,iqr_g,4336,4336,1.0
pseudo1_N1B4,20,0.1,iqr_g,4312,4336,0.9944649446494465
pseudo1_N1B4,20,0.15,iqr_g,4153,4336,0.9577952029520295
pseudo1_N1B4,20,0.2,iqr_g,3715,4336,0.856780442804428
pseudo1_N1B4,20,0.3,iqr_g,2520,4336,0.5811808118081181
pseudo1_N1B4,20,0.5,iqr_g,974,4336,0.2246309963099631
pseudo1_N1B4,30,0.05,iqr_g,4336,4336,1.0
pseudo1_N1B4,30,0.1,iqr_g,4312,4336,0.9944649446494465
pseudo1_N1B4,30,0.15,iqr_g,4153,4336,0.9577952029520295
pseudo1_N1B4,30,0.2,iqr_g,3715,4336,0.856780442804428
pseudo1_N1B4,30,0.3,iqr_g,2520,4336,0.5811808118081181
pseudo1_N1B4,30,0.5,iqr_g,974,4336,0.2246309963099631
pseudo1_N1B4,50,0.05,iqr_g,4336,4336,1.0
pseudo1_N1B4,50,0.1,iqr_g,4312,4336,0.9944649446494465
pseudo1_N1B4,50,0.15,iqr_g,4153,4336,0.9577952029520295
pseudo1_N1B4,50,0.2,iqr_g,3715,4336,0.856780442804428
pseudo1_N1B4,50,0.3,iqr_g,2520,4336,0.5811808118081181
pseudo1_N1B4,50,0.5,iqr_g,974,4336,0.2246309963099631
pseudo3_N2E3,3,0.05,iqr_g,5027,5028,0.9998011137629276
pseudo3_N2E3,3,0.1,iqr_g,4885,5028,0.9715592680986476
pseudo3_N2E3,3,0.15,iqr_g,4169,5028,0.8291567223548131
pseudo3_N2E3,3,0.2,iqr_g,3094,5028,0.6153540175019888
pseudo3_N2E3,3,0.3,iqr_g,1655,5028,0.329156722354813
pseudo3_N2E3,3,0.5,iqr_g,663,5028,0.1318615751789976
pseudo3_N2E3,5,0.05,iqr_g,5027,5028,0.9998011137629276
pseudo3_N2E3,5,0.1,iqr_g,4885,5028,0.9715592680986476
pseudo3_N2E3,5,0.15,iqr_g,4169,5028,0.8291567223548131
pseudo3_N2E3,5,0.2,iqr_g,3094,5028,0.6153540175019888
pseudo3_N2E3,5,0.3,iqr_g,1655,5028,0.329156722354813
pseudo3_N2E3,5,0.5,iqr_g,663,5028,0.1318615751789976
pseudo3_N2E3,10,0.05,iqr_g,5027,5028,0.9998011137629276
pseudo3_N2E3,10,0.1,iqr_g,4885,5028,0.9715592680986476
pseudo3_N2E3,10,0.15,iqr_g,4169,5028,0.8291567223548131
pseudo3_N2E3,10,0.2,iqr_g,3094,5028,0.6153540175019888
pseudo3_N2E3,10,0.3,iqr_g,1655,5028,0.329156722354813
pseudo3_N2E3,10,0.5,iqr_g,663,5028,0.1318615751789976
pseudo3_N2E3,15,0.05,iqr_g,5027,5028,0.9998011137629276
pseudo3_N2E3,15,0.1,iqr_g,4885,5028,0.9715592680986476
pseudo3_N2E3,15,0.15,iqr_g,4169,5028,0.8291567223548131
pseudo3_N2E3,15,0.2,iqr_g,3094,5028,0.6153540175019888
pseudo3_N2E3,15,0.3,iqr_g,1655,5028,0.329156722354813
pseudo3_N2E3,15,0.5,iqr_g,663,5028,0.1318615751789976
pseudo3_N2E3,20,0.05,iqr_g,5027,5028,0.9998011137629276
pseudo3_N2E3,20,0.1,iqr_g,4885,5028,0.9715592680986476
pseudo3_N2E3,20,0.15,iqr_g,4169,5028,0.8291567223548131
pseudo3_N2E3,20,0.2,iqr_g,3094,5028,0.6153540175019888
pseudo3_N2E3,20,0.3,iqr_g,1655,5028,0.329156722354813
pseudo3_N2E3,20,0.5,iqr_g,663,5028,0.1318615751789976
pseudo3_N2E3,30,0.05,iqr_g,5027,5028,0.9998011137629276
pseudo3_N2E3,30,0.1,iqr_g,4885,5028,0.9715592680986476
pseudo3_N2E3,30,0.15,iqr_g,4169,5028,0.8291567223548131
pseudo3_N2E3,30,0.2,iqr_g,3094,5028,0.6153540175019888
pseudo3_N2E3,30,0.3,iqr_g,1655,5028,0.329156722354813
pseudo3_N2E3,30,0.5,iqr_g,663,5028,0.1318615751789976
pseudo3_N2E3,50,0.05,iqr_g,5027,5028,0.9998011137629276
pseudo3_N2E3,50,0.1,iqr_g,4885,5028,0.9715592680986476
pseudo3_N2E3,50,0.15,iqr_g,4169,5028,0.8291567223548131
pseudo3_N2E3,50,0.2,iqr_g,3094,5028,0.6153540175019888
pseudo3_N2E3,50,0.3,iqr_g,1655,5028,0.329156722354813
pseudo3_N2E3,50,0.5,iqr_g,663,5028,0.1318615751789976
pseudo5_N2C3_1,3,0.05,iqr_g,5189,5193,0.9992297323319853
pseudo5_N2C3_1,3,0.1,iqr_g,4900,5193,0.943577893317928
pseudo5_N2C3_1,3,0.15,iqr_g,3915,5193,0.7538994800693241
pseudo5_N2C3_1,3,0.2,iqr_g,2908,5193,0.5599845946466397
pseudo5_N2C3_1,3,0.3,iqr_g,1521,5193,0.292894280762565
pseudo5_N2C3_1,3,0.5,iqr_g,618,5193,0.11900635470826113
pseudo5_N2C3_1,5,0.05,iqr_g,5189,5193,0.9992297323319853
pseudo5_N2C3_1,5,0.1,iqr_g,4900,5193,0.943577893317928
pseudo5_N2C3_1,5,0.15,iqr_g,3915,5193,0.7538994800693241
pseudo5_N2C3_1,5,0.2,iqr_g,2908,5193,0.5599845946466397
pseudo5_N2C3_1,5,0.3,iqr_g,1521,5193,0.292894280762565
pseudo5_N2C3_1,5,0.5,iqr_g,618,5193,0.11900635470826113
pseudo5_N2C3_1,10,0.05,iqr_g,5189,5193,0.9992297323319853
pseudo5_N2C3_1,10,0.1,iqr_g,4900,5193,0.943577893317928
pseudo5_N2C3_1,10,0.15,iqr_g,3915,5193,0.7538994800693241
pseudo5_N2C3_1,10,0.2,iqr_g,2908,5193,0.5599845946466397
pseudo5_N2C3_1,10,0.3,iqr_g,1521,5193,0.292894280762565
pseudo5_N2C3_1,10,0.5,iqr_g,618,5193,0.11900635470826113
pseudo5_N2C3_1,15,0.05,iqr_g,5189,5193,0.9992297323319853
pseudo5_N2C3_1,15,0.1,iqr_g,4900,5193,0.943577893317928
pseudo5_N2C3_1,15,0.15,iqr_g,3915,5193,0.7538994800693241
pseudo5_N2C3_1,15,0.2,iqr_g,2908,5193,0.5599845946466397
pseudo5_N2C3_1,15,0.3,iqr_g,1521,5193,0.292894280762565
pseudo5_N2C3_1,15,0.5,iqr_g,618,5193,0.11900635470826113
pseudo5_N2C3_1,20,0.05,iqr_g,5189,5193,0.9992297323319853
pseudo5_N2C3_1,20,0.1,iqr_g,4900,5193,0.943577893317928
pseudo5_N2C3_1,20,0.15,iqr_g,3915,5193,0.7538994800693241
pseudo5_N2C3_1,20,0.2,iqr_g,2908,5193,0.5599845946466397
pseudo5_N2C3_1,20,0.3,iqr_g,1521,5193,0.292894280762565
pseudo5_N2C3_1,20,0.5,iqr_g,618,5193,0.11900635470826113
pseudo5_N2C3_1,30,0.05,iqr_g,5189,5193,0.9992297323319853
pseudo5_N2C3_1,30,0.1,iqr_g,4900,5193,0.943577893317928
pseudo5_N2C3_1,30,0.15,iqr_g,3915,5193,0.7538994800693241
pseudo5_N2C3_1,30,0.2,iqr_g,2908,5193,0.5599845946466397
pseudo5_N2C3_1,30,0.3,iqr_g,1521,5193,0.292894280762565
pseudo5_N2C3_1,30,0.5,iqr_g,618,5193,0.11900635470826113
pseudo5_N2C3_1,50,0.05,iqr_g,5189,5193,0.9992297323319853
pseudo5_N2C3_1,50,0.1,iqr_g,4900,5193,0.943577893317928
pseudo5_N2C3_1,50,0.15,iqr_g,3915,5193,0.7538994800693241
pseudo5_N2C3_1,50,0.2,iqr_g,2908,5193,0.5599845946466397
pseudo5_N2C3_1,50,0.3,iqr_g,1521,5193,0.292894280762565
pseudo5_N2C3_1,50,0.5,iqr_g,618,5193,0.11900635470826113
pseudo6_N2E2,3,0.05,iqr_g,5133,5133,1.0
pseudo6_N2E2,3,0.1,iqr_g,4900,5133,0.954607442041691
pseudo6_N2E2,3,0.15,iqr_g,3920,5133,0.7636859536333528
pseudo6_N2E2,3,0.2,iqr_g,2871,5133,0.559322033898305
pseudo6_N2E2,3,0.3,iqr_g,1579,5133,0.3076173777518021
pseudo6_N2E2,3,0.5,iqr_g,587,5133,0.1143580751996883
pseudo6_N2E2,5,0.05,iqr_g,5133,5133,1.0
pseudo6_N2E2,5,0.1,iqr_g,4900,5133,0.954607442041691
pseudo6_N2E2,5,0.15,iqr_g,3920,5133,0.7636859536333528
pseudo6_N2E2,5,0.2,iqr_g,2871,5133,0.559322033898305
pseudo6_N2E2,5,0.3,iqr_g,1579,5133,0.3076173777518021
pseudo6_N2E2,5,0.5,iqr_g,587,5133,0.1143580751996883
pseudo6_N2E2,10,0.05,iqr_g,5133,5133,1.0
pseudo6_N2E2,10,0.1,iqr_g,4900,5133,0.954607442041691
pseudo6_N2E2,10,0.15,iqr_g,3920,5133,0.7636859536333528
pseudo6_N2E2,10,0.2,iqr_g,2871,5133,0.559322033898305
pseudo6_N2E2,10,0.3,iqr_g,1579,5133,0.3076173777518021
pseudo6_N2E2,10,0.5,iqr_g,587,5133,0.1143580751996883
pseudo6_N2E2,15,0.05,iqr_g,5133,5133,1.0
pseudo6_N2E2,15,0.1,iqr_g,4900,5133,0.954607442041691
pseudo6_N2E2,15,0.15,iqr_g,3920,5133,0.7636859536333528
pseudo6_N2E2,15,0.2,iqr_g,2871,5133,0.559322033898305
pseudo6_N2E2,15,0.3,iqr_g,1579,5133,0.3076173777518021
pseudo6_N2E2,15,0.5,iqr_g,587,5133,0.1143580751996883
pseudo6_N2E2,20,0.05,iqr_g,5133,5133,1.0
pseudo6_N2E2,20,0.1,iqr_g,4900,5133,0.954607442041691
pseudo6_N2E2,20,0.15,iqr_g,3920,5133,0.7636859536333528
pseudo6_N2E2,20,0.2,iqr_g,2871,5133,0.559322033898305
pseudo6_N2E2,20,0.3,iqr_g,1579,5133,0.3076173777518021
pseudo6_N2E2,20,0.5,iqr_g,587,5133,0.1143580751996883
pseudo6_N2E2,30,0.05,iqr_g,5133,5133,1.0
pseudo6_N2E2,30,0.1,iqr_g,4900,5133,0.954607442041691
pseudo6_N2E2,30,0.15,iqr_g,3920,5133,0.7636859536333528
pseudo6_N2E2,30,0.2,iqr_g,2871,5133,0.559322033898305
pseudo6_N2E2,30,0.3,iqr_g,1579,5133,0.3076173777518021
pseudo6_N2E2,30,0.5,iqr_g,587,5133,0.1143580751996883
pseudo6_N2E2,50,0.05,iqr_g,5133,5133,1.0
pseudo6_N2E2,50,0.1,iqr_g,4900,5133,0.954607442041691
pseudo6_N2E2,50,0.15,iqr_g,3920,5133,0.7636859536333528
pseudo6_N2E2,50,0.2,iqr_g,2871,5133,0.559322033898305
pseudo6_N2E2,50,0.3,iqr_g,1579,5133,0.3076173777518021
pseudo6_N2E2,50,0.5,iqr_g,587,5133,0.1143580751996883
