orgId,holdout_fraction,n_train_conditions,n_val_conditions,n_val_exps,n_genes_with_any_val,n_genes_val_m_ge_5,n_genes_val_m_ge_10,median_val_m_per_gene,p25_val_m_per_gene
ANA3,0.1,66,7,9,3668,3668,0,7.0,7.0
ANA3,0.15,62,11,19,3668,3668,3668,11.0,11.0
ANA3,0.2,58,15,19,3668,3668,3668,15.0,15.0
ANA3,0.25,55,18,23,3668,3668,3668,18.0,18.0
ANA3,0.3,51,22,33,3668,3668,3668,22.0,22.0
BFirm,0.1,82,9,11,5428,5428,0,9.0,9.0
BFirm,0.15,77,14,19,5428,5428,5428,14.0,14.0
BFirm,0.2,73,18,23,5428,5428,5428,18.0,18.0
BFirm,0.25,68,23,29,5428,5428,5428,23.0,23.0
BFirm,0.3,64,27,31,5428,5428,5428,27.0,27.0
Btheta,0.1,246,27,50,4055,4055,4055,27.0,27.0
Btheta,0.15,243,30,54,4055,4055,4055,30.0,30.0
Btheta,0.2,243,30,64,4055,4055,4055,30.0,30.0
Btheta,0.25,243,30,63,4055,4055,4055,30.0,30.0
Btheta,0.3,243,30,65,4055,4055,4055,30.0,30.0
Burk376,0.1,10,3,6,5153,0,0,3.0,3.0
Burk376,0.15,10,3,6,5153,0,0,3.0,3.0
Burk376,0.2,10,3,8,5153,0,0,3.0,3.0
Burk376,0.25,10,3,10,5153,0,0,3.0,3.0
Burk376,0.3,9,4,10,5153,0,0,4.0,4.0
Caulo,0.1,79,9,21,3312,3312,0,9.0,9.0
Caulo,0.15,75,13,29,3312,3312,3312,13.0,13.0
Caulo,0.2,70,18,41,3312,3312,3312,18.0,18.0
Caulo,0.25,66,22,47,3312,3312,3312,22.0,22.0
Caulo,0.3,62,26,68,3312,3312,3312,26.0,26.0
Cola,0.1,82,9,27,3954,3954,0,9.0,9.0
Cola,0.15,77,14,28,3954,3954,3954,14.0,14.0
Cola,0.2,73,18,38,3954,3954,3954,18.0,18.0
Cola,0.25,68,23,48,3954,3954,3954,23.0,23.0
Cola,0.3,64,27,58,3954,3954,3954,27.0,27.0
Cup4G11,0.1,71,8,10,6384,6384,0,8.0,8.0
Cup4G11,0.15,67,12,17,6384,6384,6384,12.0,12.0
Cup4G11,0.2,63,16,22,6384,6384,6384,16.0,16.0
Cup4G11,0.25,59,20,25,6384,6384,6384,20.0,20.0
Cup4G11,0.3,55,24,33,6384,6384,6384,24.0,24.0
Dda3937,0.1,6,3,18,3705,0,0,3.0,3.0
Dda3937,0.15,6,3,15,3705,0,0,3.0,3.0
Dda3937,0.2,6,3,15,3705,0,0,3.0,3.0
Dda3937,0.25,6,3,15,3705,0,0,3.0,3.0
Dda3937,0.3,6,3,15,3705,0,0,3.0,3.0
Ddia6719,0.1,3,3,16,3528,0,0,3.0,3.0
Ddia6719,0.15,3,3,17,3528,0,0,3.0,3.0
Ddia6719,0.2,3,3,17,3528,0,0,3.0,3.0
Ddia6719,0.25,3,3,16,3528,0,0,3.0,3.0
Ddia6719,0.3,3,3,17,3528,0,0,3.0,3.0
DdiaME23,0.1,9,3,14,3761,0,0,3.0,3.0
DdiaME23,0.15,9,3,12,3761,0,0,3.0,3.0
DdiaME23,0.2,9,3,13,3761,0,0,3.0,3.0
DdiaME23,0.25,9,3,15,3761,0,0,3.0,3.0
DdiaME23,0.3,8,4,24,3761,0,0,4.0,4.0
Dino,0.1,97,11,18,3187,3187,3187,11.0,11.0
Dino,0.15,92,16,28,3187,3187,3187,16.0,16.0
Dino,0.2,86,22,46,3187,3187,3187,22.0,22.0
Dino,0.25,81,27,44,3187,3187,3187,27.0,27.0
Dino,0.3,78,30,50,3187,3187,3187,30.0,30.0
DvH,0.1,223,25,71,2741,2741,2741,25.0,25.0
DvH,0.15,218,30,95,2741,2741,2741,30.0,30.0
DvH,0.2,218,30,97,2741,2741,2741,30.0,30.0
DvH,0.25,218,30,92,2741,2741,2741,30.0,30.0
DvH,0.3,218,30,106,2741,2741,2741,30.0,30.0
Dyella79,0.1,50,6,8,3625,3625,0,6.0,6.0
Dyella79,0.15,48,8,11,3625,3625,0,8.0,8.0
Dyella79,0.2,45,11,14,3625,3625,3625,11.0,11.0
Dyella79,0.25,42,14,17,3625,3625,3625,14.0,14.0
Dyella79,0.3,39,17,19,3625,3625,3625,17.0,17.0
HerbieS,0.1,48,5,8,3879,3879,0,5.0,5.0
HerbieS,0.15,45,8,14,3879,3879,0,8.0,8.0
HerbieS,0.2,42,11,20,3879,3879,3879,11.0,11.0
HerbieS,0.25,40,13,31,3879,3879,3879,13.0,13.0
HerbieS,0.3,37,16,34,3879,3879,3879,16.0,16.0
Kang,0.1,65,7,9,2003,2003,0,7.0,7.0
Kang,0.15,61,11,19,2003,2003,2003,11.0,11.0
Kang,0.2,58,14,19,2003,2003,2003,14.0,14.0
Kang,0.25,54,18,25,2003,2003,2003,18.0,18.0
Kang,0.3,50,22,32,2003,2003,2003,22.0,22.0
Keio,0.1,100,11,16,3789,3789,3789,11.0,11.0
Keio,0.15,94,17,25,3789,3789,3789,17.0,17.0
Keio,0.2,89,22,37,3789,3789,3789,22.0,22.0
Keio,0.25,83,28,48,3789,3789,3789,28.0,28.0
Keio,0.3,81,30,47,3789,3789,3789,30.0,30.0
Korea,0.1,106,12,15,3393,3393,3393,12.0,12.0
Korea,0.15,100,18,22,3393,3393,3393,18.0,18.0
Korea,0.2,94,24,33,3393,3393,3393,24.0,24.0
Korea,0.25,88,30,40,3393,3393,3393,30.0,30.0
Korea,0.3,88,30,43,3393,3393,3393,30.0,30.0
Koxy,0.1,97,11,19,4608,4608,4608,11.0,11.0
Koxy,0.15,92,16,34,4608,4608,4608,16.0,16.0
Koxy,0.2,86,22,38,4608,4608,4608,22.0,22.0
Koxy,0.25,81,27,57,4608,4608,4608,27.0,27.0
Koxy,0.3,78,30,57,4608,4608,4608,30.0,30.0
MR1,0.1,106,12,17,3782,3782,3782,12.0,12.0
MR1,0.15,100,18,26,3782,3782,3782,18.0,18.0
MR1,0.2,94,24,34,3782,3782,3782,24.0,24.0
MR1,0.25,88,30,37,3782,3782,3782,30.0,30.0
MR1,0.3,88,30,41,3782,3782,3782,30.0,30.0
Magneto,0.1,32,4,4,3221,0,0,4.0,4.0
Magneto,0.15,31,5,5,3221,3221,0,5.0,5.0
Magneto,0.2,29,7,7,3221,3221,0,7.0,7.0
Magneto,0.25,27,9,9,3221,3221,0,9.0,9.0
Magneto,0.3,25,11,11,3221,3221,3221,11.0,11.0
Marino,0.1,140,16,27,3650,3650,3650,16.0,16.0
Marino,0.15,133,23,37,3650,3650,3650,23.0,23.0
Marino,0.2,126,30,44,3650,3650,3650,30.0,30.0
Marino,0.25,126,30,62,3650,3650,3650,30.0,30.0
Marino,0.3,126,30,49,3650,3650,3650,30.0,30.0
Methanococcus_JJ,0.1,32,4,12,1383,0,0,4.0,4.0
Methanococcus_JJ,0.15,31,5,15,1383,1383,0,5.0,5.0
Methanococcus_JJ,0.2,29,7,25,1383,1383,0,7.0,7.0
Methanococcus_JJ,0.25,27,9,28,1383,1383,0,9.0,9.0
Methanococcus_JJ,0.3,25,11,39,1383,1383,1383,11.0,11.0
Methanococcus_S2,0.1,104,12,33,1244,1244,1244,12.0,12.0
Methanococcus_S2,0.15,99,17,47,1244,1244,1244,17.0,17.0
Methanococcus_S2,0.2,93,23,77,1244,1244,1244,23.0,23.0
Methanococcus_S2,0.25,87,29,87,1244,1244,1244,29.0,29.0
Methanococcus_S2,0.3,86,30,104,1244,1244,1244,30.0,30.0
Miya,0.1,115,13,16,2531,2531,2531,13.0,13.0
Miya,0.15,109,19,24,2531,2531,2531,19.0,19.0
Miya,0.2,102,26,31,2531,2531,2531,26.0,26.0
Miya,0.25,98,30,35,2531,2531,2531,30.0,30.0
Miya,0.3,98,30,48,2531,2531,2531,30.0,30.0
PS,0.1,42,5,5,2561,2561,0,5.0,5.0
PS,0.15,40,7,14,2561,2561,0,7.0,7.0
PS,0.2,38,9,19,2561,2561,0,9.0,9.0
PS,0.25,35,12,20,2561,2561,2561,12.0,12.0
PS,0.3,33,14,22,2561,2561,2561,14.0,14.0
PV4,0.1,67,8,14,3009,3009,0,8.0,8.0
PV4,0.15,64,11,40,3009,3009,3009,11.0,11.0
PV4,0.2,60,15,53,3009,3009,3009,15.0,15.0
PV4,0.25,56,19,54,3009,3009,3009,19.0,19.0
PV4,0.3,53,22,43,3009,3009,3009,22.0,22.0
Pedo557,0.1,79,9,18,4423,4423,0,9.0,9.0
Pedo557,0.15,75,13,25,4423,4423,4423,13.0,13.0
Pedo557,0.2,70,18,36,4423,4423,4423,18.0,18.0
Pedo557,0.25,66,22,50,4423,4423,4423,22.0,22.0
Pedo557,0.3,62,26,57,4423,4423,4423,26.0,26.0
Phaeo,0.1,137,15,30,3099,3099,3099,15.0,15.0
Phaeo,0.15,129,23,39,3099,3099,3099,23.0,23.0
Phaeo,0.2,122,30,48,3099,3099,3099,30.0,30.0
Phaeo,0.25,122,30,53,3099,3099,3099,30.0,30.0
Phaeo,0.3,122,30,45,3099,3099,3099,30.0,30.0
Ponti,0.1,44,5,18,3685,3685,0,5.0,5.0
Ponti,0.15,42,7,13,3685,3685,0,7.0,7.0
Ponti,0.2,39,10,20,3685,3685,3685,10.0,10.0
Ponti,0.25,37,12,24,3685,3685,3685,12.0,12.0
Ponti,0.3,34,15,29,3685,3685,3685,15.0,15.0
Putida,0.1,143,16,30,4778,4778,4778,16.0,16.0
Putida,0.15,135,24,51,4778,4778,4778,24.0,24.0
Putida,0.2,129,30,54,4778,4778,4778,30.0,30.0
Putida,0.25,129,30,51,4778,4778,4778,30.0,30.0
Putida,0.3,129,30,66,4778,4778,4778,30.0,30.0
SB2B,0.1,97,11,25,3121,3121,3121,11.0,11.0
SB2B,0.15,92,16,32,3121,3121,3121,16.0,16.0
SB2B,0.2,86,22,34,3121,3121,3121,22.0,22.0
SB2B,0.25,81,27,48,3121,3121,3121,27.0,27.0
SB2B,0.3,78,30,47,3121,3121,3121,30.0,30.0
Smeli,0.1,70,8,11,5133,5133,0,8.0,8.0
Smeli,0.15,66,12,15,5133,5133,5133,12.0,12.0
Smeli,0.2,62,16,18,5133,5133,5133,16.0,16.0
Smeli,0.25,58,20,23,5133,5133,5133,20.0,20.0
Smeli,0.3,55,23,26,5133,5133,5133,23.0,23.0
SynE,0.1,92,10,11,1899,1899,1899,10.0,10.0
SynE,0.15,87,15,18,1899,1899,1899,15.0,15.0
SynE,0.2,82,20,22,1899,1899,1899,20.0,20.0
SynE,0.25,76,26,28,1899,1899,1899,26.0,26.0
SynE,0.3,72,30,31,1899,1899,1899,30.0,30.0
SyringaeB728a,0.1,19,3,3,4314,0,0,3.0,3.0
SyringaeB728a,0.15,19,3,3,4314,0,0,3.0,3.0
SyringaeB728a,0.2,18,4,4,4314,0,0,4.0,4.0
SyringaeB728a,0.25,16,6,6,4314,4314,0,6.0,6.0
SyringaeB728a,0.3,15,7,8,4314,4314,0,7.0,7.0
SyringaeB728a_mexBdelta,0.1,19,3,3,4282,0,0,3.0,3.0
SyringaeB728a_mexBdelta,0.15,19,3,3,4282,0,0,3.0,3.0
SyringaeB728a_mexBdelta,0.2,18,4,4,4282,0,0,4.0,4.0
SyringaeB728a_mexBdelta,0.25,16,6,6,4282,4282,0,6.0,6.0
SyringaeB728a_mexBdelta,0.3,15,7,7,4282,4282,0,7.0,7.0
WCS417,0.1,106,12,22,4419,4419,4419,12.0,12.0
WCS417,0.15,100,18,27,4419,4419,4419,18.0,18.0
WCS417,0.2,94,24,38,4419,4419,4419,24.0,24.0
WCS417,0.25,88,30,49,4419,4419,4419,30.0,30.0
WCS417,0.3,88,30,48,4419,4419,4419,30.0,30.0
acidovorax_3H11,0.1,88,10,12,3935,3935,3935,10.0,10.0
acidovorax_3H11,0.15,83,15,21,3935,3935,3935,15.0,15.0
acidovorax_3H11,0.2,78,20,33,3935,3935,3935,20.0,20.0
acidovorax_3H11,0.25,74,24,34,3935,3935,3935,24.0,24.0
acidovorax_3H11,0.3,69,29,37,3935,3935,3935,29.0,29.0
azobra,0.1,51,6,10,4833,4833,0,6.0,6.0
azobra,0.15,48,9,15,4833,4833,0,9.0,9.0
azobra,0.2,46,11,18,4833,4833,4833,11.0,11.0
azobra,0.25,43,14,24,4833,4833,4833,14.0,14.0
azobra,0.3,40,17,28,4833,4833,4833,17.0,17.0
psRCH2,0.1,189,21,37,3349,3349,3349,21.0,21.0
psRCH2,0.15,180,30,47,3349,3349,3349,30.0,30.0
psRCH2,0.2,180,30,54,3349,3349,3349,30.0,30.0
psRCH2,0.25,180,30,54,3349,3349,3349,30.0,30.0
psRCH2,0.3,180,30,54,3349,3349,3349,30.0,30.0
pseudo13_GW456_L13,0.1,77,8,11,4350,4350,0,8.0,8.0
pseudo13_GW456_L13,0.15,72,13,15,4350,4350,4350,13.0,13.0
pseudo13_GW456_L13,0.2,68,17,18,4350,4350,4350,17.0,17.0
pseudo13_GW456_L13,0.25,64,21,27,4350,4350,4350,21.0,21.0
pseudo13_GW456_L13,0.3,59,26,32,4350,4350,4350,26.0,26.0
pseudo1_N1B4,0.1,103,12,16,4336,4336,4336,12.0,12.0
pseudo1_N1B4,0.15,98,17,25,4336,4336,4336,17.0,17.0
pseudo1_N1B4,0.2,92,23,27,4336,4336,4336,23.0,23.0
pseudo1_N1B4,0.25,86,29,40,4336,4336,4336,29.0,29.0
pseudo1_N1B4,0.3,85,30,35,4336,4336,4336,30.0,30.0
pseudo3_N2E3,0.1,136,15,18,5028,5028,5028,15.0,15.0
pseudo3_N2E3,0.15,128,23,34,5028,5028,5028,23.0,23.0
pseudo3_N2E3,0.2,121,30,37,5028,5028,5028,30.0,30.0
pseudo3_N2E3,0.25,121,30,43,5028,5028,5028,30.0,30.0
pseudo3_N2E3,0.3,121,30,42,5028,5028,5028,30.0,30.0
pseudo5_N2C3_1,0.1,117,13,22,5193,5193,5193,13.0,13.0
pseudo5_N2C3_1,0.15,110,20,27,5193,5193,5193,20.0,20.0
pseudo5_N2C3_1,0.2,104,26,41,5193,5193,5193,26.0,26.0
pseudo5_N2C3_1,0.25,100,30,43,5193,5193,5193,30.0,30.0
pseudo5_N2C3_1,0.3,100,30,39,5193,5193,5193,30.0,30.0
pseudo6_N2E2,0.1,106,12,21,5133,5133,5133,12.0,12.0
pseudo6_N2E2,0.15,100,18,28,5133,5133,5133,18.0,18.0
pseudo6_N2E2,0.2,94,24,42,5133,5133,5133,24.0,24.0
pseudo6_N2E2,0.25,88,30,49,5133,5133,5133,30.0,30.0
pseudo6_N2E2,0.3,88,30,45,5133,5133,5133,30.0,30.0
