orgId,expGroup,n_experiments,frac_of_org_experiments
ANA3,anaerobic,2,0.018691588785046728
ANA3,carbon source,47,0.4392523364485981
ANA3,lb,3,0.028037383177570093
ANA3,motility,4,0.037383177570093455
ANA3,nitrogen source,14,0.1308411214953271
ANA3,stress,37,0.34579439252336447
BFirm,carbon source,49,0.4336283185840708
BFirm,lb,3,0.02654867256637168
BFirm,motility,6,0.05309734513274336
BFirm,nitrogen source,16,0.1415929203539823
BFirm,nutrient,8,0.07079646017699115
BFirm,ph,7,0.061946902654867256
BFirm,stress,16,0.1415929203539823
BFirm,temperature,4,0.035398230088495575
BFirm,vitamin,4,0.035398230088495575
Btheta,bhis,1,0.0019267822736030828
Btheta,carbon source,112,0.21579961464354527
Btheta,mouse,20,0.038535645472061654
Btheta,nitrogen source,19,0.036608863198458574
Btheta,ph,4,0.007707129094412331
Btheta,stress,357,0.6878612716763006
Btheta,survival,2,0.0038535645472061657
Btheta,varel_bryant_medium_glucose,4,0.007707129094412331
Burk376,carbon source,30,1.0
Caulo,carbon source,42,0.21212121212121213
Caulo,nitrogen source,46,0.23232323232323232
Caulo,no stress control,3,0.015151515151515152
Caulo,ph,2,0.010101010101010102
Caulo,pye,10,0.050505050505050504
Caulo,stress,95,0.4797979797979798
Cola,carbon source,57,0.28217821782178215
Cola,marine broth,9,0.04455445544554455
Cola,nitrogen source,36,0.1782178217821782
Cola,stress,100,0.49504950495049505
Cup4G11,carbon source,42,0.39622641509433965
Cup4G11,lb,1,0.009433962264150943
Cup4G11,nitrogen source,23,0.2169811320754717
Cup4G11,r2a,3,0.02830188679245283
Cup4G11,stress,34,0.32075471698113206
Cup4G11,temperature,3,0.02830188679245283
Dda3937,carbon source,15,0.25862068965517243
Dda3937,control,15,0.25862068965517243
Dda3937,plant,28,0.4827586206896552
Ddia6719,carbon source,6,0.18181818181818182
Ddia6719,control,10,0.30303030303030304
Ddia6719,plant,17,0.5151515151515151
DdiaME23,carbon source,15,0.21739130434782608
DdiaME23,control,14,0.2028985507246377
DdiaME23,plant,40,0.5797101449275363
Dino,anaerobic,1,0.005376344086021506
Dino,carbon source,43,0.23118279569892472
Dino,marine broth,7,0.03763440860215054
Dino,nitrogen source,36,0.1935483870967742
Dino,stress,93,0.5
Dino,temperature,6,0.03225806451612903
DvH,fermentative growth,17,0.022457067371202115
DvH,nitrogen source,125,0.16512549537648613
DvH,nutrient,202,0.2668428005284016
DvH,respiratory growth,145,0.19154557463672392
DvH,stress,268,0.35402906208718626
Dyella79,carbon source,19,0.27941176470588236
Dyella79,lb,4,0.058823529411764705
Dyella79,nitrogen source,11,0.16176470588235295
Dyella79,stress,34,0.5
HerbieS,carbon source,52,0.5416666666666666
HerbieS,nitrogen source,1,0.010416666666666666
HerbieS,nutrient,8,0.08333333333333333
HerbieS,r2a control,6,0.0625
HerbieS,stress,13,0.13541666666666666
HerbieS,supernatant,6,0.0625
HerbieS,supernatant control:fungal media,6,0.0625
HerbieS,vitamin,4,0.041666666666666664
Kang,marine broth,10,0.09259259259259259
Kang,motility,3,0.027777777777777776
Kang,ph,6,0.05555555555555555
Kang,stress,81,0.75
Kang,temperature,8,0.07407407407407407
Keio,carbon source,68,0.40476190476190477
Keio,lb,2,0.011904761904761904
Keio,motility,7,0.041666666666666664
Keio,nitrogen source,32,0.19047619047619047
Keio,stress,55,0.3273809523809524
Keio,sulfur source,4,0.023809523809523808
Korea,carbon source,27,0.16666666666666666
Korea,lb,8,0.04938271604938271
Korea,motility,6,0.037037037037037035
Korea,nitrogen source,8,0.04938271604938271
Korea,nutrient,12,0.07407407407407407
Korea,ph,9,0.05555555555555555
Korea,stress,86,0.5308641975308642
Korea,temperature,6,0.037037037037037035
Koxy,carbon source,84,0.40384615384615385
Koxy,lb,5,0.02403846153846154
Koxy,nitrogen source,64,0.3076923076923077
Koxy,ph,4,0.019230769230769232
Koxy,r2a control,6,0.028846153846153848
Koxy,stress,30,0.14423076923076922
Koxy,supernatant,9,0.04326923076923077
Koxy,supernatant control:fungal media,6,0.028846153846153848
MR1,carbon source,31,0.17613636363636365
MR1,lb,14,0.07954545454545454
MR1,motility,3,0.017045454545454544
MR1,nitrogen source,35,0.19886363636363635
MR1,ph,5,0.028409090909090908
MR1,stress,80,0.45454545454545453
MR1,temperature,8,0.045454545454545456
Magneto,carbon source,2,0.05555555555555555
Magneto,magnetic pulldown,34,0.9444444444444444
Marino,carbon source,54,0.21176470588235294
Marino,marine broth,14,0.054901960784313725
Marino,nitrogen source,36,0.1411764705882353
Marino,nutrient,5,0.0196078431372549
Marino,ph,8,0.03137254901960784
Marino,stress,133,0.5215686274509804
Marino,temperature,4,0.01568627450980392
Marino,vitamin,1,0.00392156862745098
Methanococcus_JJ,iron,18,0.13953488372093023
Methanococcus_JJ,nitrogen source,22,0.17054263565891473
Methanococcus_JJ,nutrient t1,50,0.3875968992248062
Methanococcus_JJ,nutrient t2,17,0.13178294573643412
Methanococcus_JJ,rich t1,12,0.09302325581395349
Methanococcus_JJ,rich t2,10,0.07751937984496124
Methanococcus_S2,iron,18,0.04851752021563342
Methanococcus_S2,mixed community,26,0.07008086253369272
Methanococcus_S2,nitrogen source,58,0.15633423180592992
Methanococcus_S2,nutrient t1,134,0.3611859838274933
Methanococcus_S2,nutrient t2,63,0.16981132075471697
Methanococcus_S2,rich t1,18,0.04851752021563342
Methanococcus_S2,rich t2,14,0.03773584905660377
Methanococcus_S2,stress,40,0.1078167115902965
Miya,carbon source,25,0.1404494382022472
Miya,nitrogen source,8,0.0449438202247191
Miya,nutrient,16,0.0898876404494382
Miya,rich moyls4,14,0.07865168539325842
Miya,starvation,26,0.14606741573033707
Miya,stress,89,0.5
PS,alp rich,3,0.0379746835443038
PS,alp richb,1,0.012658227848101266
PS,anaerobic,16,0.20253164556962025
PS,carbon source,24,0.3037974683544304
PS,stress,35,0.4430379746835443
PV4,anaerobic,1,0.00625
PV4,carbon source,24,0.15
PV4,lb,29,0.18125
PV4,motility,4,0.025
PV4,stress,96,0.6
PV4,temperature,6,0.0375
Pedo557,carbon source,35,0.1977401129943503
Pedo557,nitrogen source,43,0.24293785310734464
Pedo557,r2a,9,0.05084745762711865
Pedo557,stress,90,0.5084745762711864
Phaeo,carbon source,99,0.3613138686131387
Phaeo,marine broth,15,0.05474452554744526
Phaeo,nitrogen source,30,0.10948905109489052
Phaeo,nutrient,6,0.021897810218978103
Phaeo,ph,5,0.01824817518248175
Phaeo,stress,111,0.4051094890510949
Phaeo,temperature,6,0.021897810218978103
Phaeo,vitamin,2,0.0072992700729927005
Ponti,marine broth,10,0.09615384615384616
Ponti,stress,94,0.9038461538461539
Putida,carbon source,128,0.4266666666666667
Putida,nitrogen source,104,0.3466666666666667
Putida,r2a control,6,0.02
Putida,r2a control with 0.2% methanol,5,0.016666666666666666
Putida,r2a control with 0.2x vogels,4,0.013333333333333334
Putida,reactor,15,0.05
Putida,reactor_pregrowth,7,0.023333333333333334
Putida,stress,21,0.07
Putida,supernatant,6,0.02
Putida,supernatant control:fungal media,4,0.013333333333333334
RalstoniaBSBF1503,cpg,3,0.375
RalstoniaBSBF1503,m63_quarter_strength,2,0.25
RalstoniaBSBF1503,xylem sap,3,0.375
RalstoniaGMI1000,cpg,2,0.2857142857142857
RalstoniaGMI1000,m63_quarter_strength,3,0.42857142857142855
RalstoniaGMI1000,xylem sap,2,0.2857142857142857
RalstoniaPSI07,cpg,2,0.25
RalstoniaPSI07,m63_quarter_strength,3,0.375
RalstoniaPSI07,xylem sap,3,0.375
RalstoniaUW163,cpg,3,0.5
RalstoniaUW163,m63_quarter_strength,3,0.5
SB2B,anaerobic,1,0.005263157894736842
SB2B,carbon source,64,0.3368421052631579
SB2B,lb,22,0.11578947368421053
SB2B,motility,6,0.031578947368421054
SB2B,nitrogen source,32,0.16842105263157894
SB2B,ph,2,0.010526315789473684
SB2B,stress,56,0.29473684210526313
SB2B,temperature,7,0.03684210526315789
Smeli,carbon source,33,0.36666666666666664
Smeli,lb,3,0.03333333333333333
Smeli,nitrogen source,13,0.14444444444444443
Smeli,nutrient,6,0.06666666666666667
Smeli,ph,6,0.06666666666666667
Smeli,stress,25,0.2777777777777778
Smeli,temperature,4,0.044444444444444446
SynE,bg11,18,0.13953488372093023
SynE,nitrogen source,13,0.10077519379844961
SynE,stress,98,0.7596899224806202
SyringaeB728a,in planta,23,0.5
SyringaeB728a,kb,2,0.043478260869565216
SyringaeB728a,stress,21,0.45652173913043476
SyringaeB728a_mexBdelta,kb,2,0.08695652173913043
SyringaeB728a_mexBdelta,stress,21,0.9130434782608695
WCS417,carbon source,116,0.5771144278606966
WCS417,motility,8,0.03980099502487562
WCS417,nitrogen source,11,0.05472636815920398
WCS417,r2a control,1,0.004975124378109453
WCS417,r2a control with 0.2% methanol,1,0.004975124378109453
WCS417,r2a control with 0.2x vogels,2,0.009950248756218905
WCS417,stress,55,0.2736318407960199
WCS417,supernatant,5,0.024875621890547265
WCS417,supernatant control:fungal media,2,0.009950248756218905
acidovorax_3H11,carbon source,41,0.29285714285714287
acidovorax_3H11,lb,10,0.07142857142857142
acidovorax_3H11,motility,3,0.02142857142857143
acidovorax_3H11,nitrogen source,14,0.1
acidovorax_3H11,ph,12,0.08571428571428572
acidovorax_3H11,stress,56,0.4
acidovorax_3H11,temperature,4,0.02857142857142857
azobra,carbon source,29,0.31868131868131866
azobra,lb,4,0.04395604395604396
azobra,motility,4,0.04395604395604396
azobra,nitrogen source,35,0.38461538461538464
azobra,stress,19,0.2087912087912088
psRCH2,anaerobic,1,0.002857142857142857
psRCH2,carbon source,72,0.2057142857142857
psRCH2,lb,11,0.03142857142857143
psRCH2,metal limitation,18,0.05142857142857143
psRCH2,nitrogen source,53,0.15142857142857144
psRCH2,nutrient,6,0.017142857142857144
psRCH2,stress,174,0.49714285714285716
psRCH2,temperature,11,0.03142857142857143
psRCH2,vitamin,4,0.011428571428571429
pseudo13_GW456_L13,carbon source,49,0.46226415094339623
pseudo13_GW456_L13,lb,1,0.009433962264150943
pseudo13_GW456_L13,nitrogen source,28,0.2641509433962264
pseudo13_GW456_L13,stress,28,0.2641509433962264
pseudo1_N1B4,carbon source,60,0.40816326530612246
pseudo1_N1B4,lb,7,0.047619047619047616
pseudo1_N1B4,nitrogen source,21,0.14285714285714285
pseudo1_N1B4,ph,6,0.04081632653061224
pseudo1_N1B4,stress,45,0.30612244897959184
pseudo1_N1B4,survival,1,0.006802721088435374
pseudo1_N1B4,temperature,7,0.047619047619047616
pseudo3_N2E3,carbon source,82,0.3886255924170616
pseudo3_N2E3,lb,4,0.018957345971563982
pseudo3_N2E3,motility,3,0.014218009478672985
pseudo3_N2E3,nitrogen source,38,0.18009478672985782
pseudo3_N2E3,ph,7,0.03317535545023697
pseudo3_N2E3,stress,68,0.3222748815165877
pseudo3_N2E3,survival,3,0.014218009478672985
pseudo3_N2E3,temperature,6,0.02843601895734597
pseudo5_N2C3_1,anaerobic,1,0.005434782608695652
pseudo5_N2C3_1,carbon source,85,0.46195652173913043
pseudo5_N2C3_1,lb,4,0.021739130434782608
pseudo5_N2C3_1,motility,4,0.021739130434782608
pseudo5_N2C3_1,nitrogen source,19,0.10326086956521739
pseudo5_N2C3_1,ph,7,0.03804347826086957
pseudo5_N2C3_1,stress,51,0.27717391304347827
pseudo5_N2C3_1,survival,5,0.02717391304347826
pseudo5_N2C3_1,temperature,8,0.043478260869565216
pseudo6_N2E2,carbon source,77,0.4095744680851064
pseudo6_N2E2,lb,4,0.02127659574468085
pseudo6_N2E2,motility,5,0.026595744680851064
pseudo6_N2E2,nitrogen source,49,0.26063829787234044
pseudo6_N2E2,stress,49,0.26063829787234044
pseudo6_N2E2,vitamin,4,0.02127659574468085
