,ANA3,BFirm,Btheta,Burk376,Caulo,Cola,Cup4G11,Dda3937,Ddia6719,DdiaME23,Dino,DvH,Dyella79,HerbieS,Kang,Keio,Korea,Koxy,MR1,Magneto,Marino,Methanococcus_JJ,Methanococcus_S2,Miya,PS,PV4,Pedo557,Phaeo,Ponti,Putida,RalstoniaBSBF1503,RalstoniaGMI1000,RalstoniaPSI07,RalstoniaUW163,SB2B,Smeli,SynE,SyringaeB728a,SyringaeB728a_mexBdelta,WCS417,acidovorax_3H11,azobra,psRCH2,pseudo13_GW456_L13,pseudo1_N1B4,pseudo3_N2E3,pseudo5_N2C3_1,pseudo6_N2E2
ANA3,78,76,69,32,69,75,78,69,69,69,75,78,76,76,70,76,76,76,78,75,76,50,50,74,77,78,76,76,70,76,29,29,29,29,78,76,15,27,27,76,76,78,78,76,78,76,78,76
BFirm,76,76,69,32,69,75,76,69,69,69,75,76,76,76,70,76,76,76,76,75,75,50,50,72,75,76,76,75,70,76,29,29,29,29,76,76,15,27,27,76,76,76,76,76,76,76,76,76
Btheta,69,69,72,25,69,70,69,69,69,69,70,69,69,69,70,69,69,69,69,70,70,46,46,69,69,69,69,70,70,69,29,29,29,29,69,69,14,27,27,69,69,69,69,69,69,69,69,69
Burk376,32,32,25,32,25,31,32,25,25,25,31,32,32,32,26,32,32,32,32,31,31,31,31,28,31,32,32,31,26,32,8,8,8,8,32,32,14,6,6,32,32,32,32,32,32,32,32,32
Caulo,69,69,69,25,70,69,69,69,69,69,69,70,69,69,69,69,69,69,69,69,69,44,44,70,69,69,69,69,69,69,29,29,29,29,69,69,15,27,27,69,69,69,69,69,69,69,69,69
Cola,75,75,70,31,69,81,75,69,69,69,81,76,75,75,76,75,75,75,75,75,81,51,51,72,75,75,75,81,76,75,29,29,29,29,75,75,16,27,27,75,75,75,75,75,75,75,75,75
Cup4G11,78,76,69,32,69,75,80,70,69,70,75,78,76,78,70,76,76,78,78,75,76,50,50,74,79,78,78,76,70,78,29,29,29,29,78,76,15,27,27,78,78,78,78,76,78,76,78,76
Dda3937,69,69,69,25,69,69,70,72,69,72,69,69,69,70,69,69,69,70,69,69,69,44,44,69,70,69,70,70,69,70,29,29,29,29,69,69,14,27,27,70,70,69,69,69,69,69,69,69
Ddia6719,69,69,69,25,69,69,69,69,69,69,69,69,69,69,69,69,69,69,69,69,69,44,44,69,69,69,69,69,69,69,29,29,29,29,69,69,14,27,27,69,69,69,69,69,69,69,69,69
DdiaME23,69,69,69,25,69,69,70,72,69,72,69,69,69,70,69,69,69,70,69,69,69,44,44,69,70,69,70,70,69,70,29,29,29,29,69,69,14,27,27,70,70,69,69,69,69,69,69,69
Dino,75,75,70,31,69,81,75,69,69,69,82,76,75,75,76,75,75,75,75,76,82,52,52,72,76,75,75,81,76,75,29,29,29,29,75,75,16,27,27,75,75,75,75,75,75,75,75,75
DvH,78,76,69,32,70,76,78,69,69,69,76,84,76,76,71,76,76,76,78,75,77,51,51,77,77,78,76,77,71,76,29,29,29,29,78,76,17,27,27,76,76,78,78,76,78,76,78,76
Dyella79,76,76,69,32,69,75,76,69,69,69,75,76,76,76,70,76,76,76,76,75,75,50,50,72,75,76,76,75,70,76,29,29,29,29,76,76,15,27,27,76,76,76,76,76,76,76,76,76
HerbieS,76,76,69,32,69,75,78,70,69,70,75,76,76,78,70,76,76,78,76,75,75,50,50,72,77,76,78,75,70,78,29,29,29,29,76,76,15,27,27,78,78,76,76,76,76,76,76,76
Kang,70,70,70,26,69,76,70,69,69,69,76,71,70,70,76,70,70,70,70,70,76,46,46,70,70,70,70,76,76,70,29,29,29,29,70,70,16,27,27,70,70,70,70,70,70,70,70,70
Keio,76,76,69,32,69,75,76,69,69,69,75,76,76,76,70,81,76,76,76,75,75,51,51,72,75,76,76,75,70,78,29,29,29,29,76,76,15,27,27,76,76,76,76,76,76,76,76,76
Korea,76,76,69,32,69,75,76,69,69,69,75,76,76,76,70,76,76,76,76,75,75,50,50,72,75,76,76,75,70,76,29,29,29,29,76,76,15,27,27,76,76,76,76,76,76,76,76,76
Koxy,76,76,69,32,69,75,78,70,69,70,75,76,76,78,70,76,76,78,76,75,75,50,50,72,77,76,78,75,70,78,29,29,29,29,76,76,15,27,27,78,78,76,76,76,76,76,76,76
MR1,78,76,69,32,69,75,78,69,69,69,75,78,76,76,70,76,76,76,79,75,76,50,50,74,77,78,76,76,70,76,29,29,29,29,78,76,15,27,27,76,76,78,78,76,79,77,79,76
Magneto,75,75,70,31,69,75,75,69,69,69,76,75,75,75,70,75,75,75,75,82,76,52,52,72,76,75,75,75,70,75,29,29,29,29,75,75,16,27,27,75,75,75,76,75,75,75,75,75
Marino,76,75,70,31,69,81,76,69,69,69,82,77,75,75,76,75,75,75,76,76,84,52,52,73,77,76,75,82,76,75,29,29,29,29,76,75,16,27,27,75,75,76,76,75,76,75,76,75
Methanococcus_JJ,50,50,46,31,44,51,50,44,44,44,52,51,50,50,46,51,50,50,50,52,52,56,56,48,51,50,50,51,46,51,27,27,27,27,50,50,14,25,25,50,50,50,50,50,50,50,50,50
Methanococcus_S2,50,50,46,31,44,51,50,44,44,44,52,51,50,50,46,51,50,50,50,52,52,56,56,48,51,50,50,51,46,51,27,27,27,27,50,50,14,25,25,50,50,50,50,50,50,50,50,50
Miya,74,72,69,28,70,72,74,69,69,69,72,77,72,72,70,72,72,72,74,72,73,48,48,77,74,74,72,73,70,72,29,29,29,29,74,72,16,27,27,72,72,74,74,72,74,72,74,72
PS,77,75,69,31,69,75,79,70,69,70,76,77,75,77,70,75,75,77,77,76,77,51,51,74,80,77,77,76,70,77,29,29,29,29,77,75,15,27,27,77,77,77,77,75,77,75,77,75
PV4,78,76,69,32,69,75,78,69,69,69,75,78,76,76,70,76,76,76,78,75,76,50,50,74,77,78,76,76,70,76,29,29,29,29,78,76,15,27,27,76,76,78,78,76,78,76,78,76
Pedo557,76,76,69,32,69,75,78,70,69,70,75,76,76,78,70,76,76,78,76,75,75,50,50,72,77,76,78,75,70,78,29,29,29,29,76,76,15,27,27,78,78,76,76,76,76,76,76,76
Phaeo,76,75,70,31,69,81,76,70,69,70,81,77,75,75,76,75,75,75,76,75,82,51,51,73,76,76,75,83,76,75,29,29,29,29,76,75,16,27,27,75,75,76,76,75,76,75,76,75
Ponti,70,70,70,26,69,76,70,69,69,69,76,71,70,70,76,70,70,70,70,70,76,46,46,70,70,70,70,76,76,70,29,29,29,29,70,70,16,27,27,70,70,70,70,70,70,70,70,70
Putida,76,76,69,32,69,75,78,70,69,70,75,76,76,78,70,78,76,78,76,75,75,51,51,72,77,76,78,75,70,80,29,29,29,29,76,76,15,27,27,78,78,76,76,76,76,76,76,76
RalstoniaBSBF1503,29,29,29,8,29,29,29,29,29,29,29,29,29,29,29,29,29,29,29,29,29,27,27,29,29,29,29,29,29,29,29,29,29,29,29,29,5,26,26,29,29,29,29,29,29,29,29,29
RalstoniaGMI1000,29,29,29,8,29,29,29,29,29,29,29,29,29,29,29,29,29,29,29,29,29,27,27,29,29,29,29,29,29,29,29,29,29,29,29,29,5,26,26,29,29,29,29,29,29,29,29,29
RalstoniaPSI07,29,29,29,8,29,29,29,29,29,29,29,29,29,29,29,29,29,29,29,29,29,27,27,29,29,29,29,29,29,29,29,29,29,29,29,29,5,26,26,29,29,29,29,29,29,29,29,29
RalstoniaUW163,29,29,29,8,29,29,29,29,29,29,29,29,29,29,29,29,29,29,29,29,29,27,27,29,29,29,29,29,29,29,29,29,29,29,29,29,5,26,26,29,29,29,29,29,29,29,29,29
SB2B,78,76,69,32,69,75,78,69,69,69,75,78,76,76,70,76,76,76,78,75,76,50,50,74,77,78,76,76,70,76,29,29,29,29,78,76,15,27,27,76,76,78,78,76,78,76,78,76
Smeli,76,76,69,32,69,75,76,69,69,69,75,76,76,76,70,76,76,76,76,75,75,50,50,72,75,76,76,75,70,76,29,29,29,29,76,76,15,27,27,76,76,76,76,76,76,76,76,76
SynE,15,15,14,14,15,16,15,14,14,14,16,17,15,15,16,15,15,15,15,16,16,14,14,16,15,15,15,16,16,15,5,5,5,5,15,15,19,4,4,15,15,15,16,15,15,15,15,15
SyringaeB728a,27,27,27,6,27,27,27,27,27,27,27,27,27,27,27,27,27,27,27,27,27,25,25,27,27,27,27,27,27,27,26,26,26,26,27,27,4,27,27,27,27,27,27,27,27,27,27,27
SyringaeB728a_mexBdelta,27,27,27,6,27,27,27,27,27,27,27,27,27,27,27,27,27,27,27,27,27,25,25,27,27,27,27,27,27,27,26,26,26,26,27,27,4,27,27,27,27,27,27,27,27,27,27,27
WCS417,76,76,69,32,69,75,78,70,69,70,75,76,76,78,70,76,76,78,76,75,75,50,50,72,77,76,78,75,70,78,29,29,29,29,76,76,15,27,27,78,78,76,76,76,76,76,76,76
acidovorax_3H11,76,76,69,32,69,75,78,70,69,70,75,76,76,78,70,76,76,78,76,75,75,50,50,72,77,76,78,75,70,78,29,29,29,29,76,76,15,27,27,78,78,76,76,76,76,76,76,76
azobra,78,76,69,32,69,75,78,69,69,69,75,78,76,76,70,76,76,76,78,75,76,50,50,74,77,78,76,76,70,76,29,29,29,29,78,76,15,27,27,76,76,78,78,76,78,76,78,76
psRCH2,78,76,69,32,69,75,78,69,69,69,75,78,76,76,70,76,76,76,78,76,76,50,50,74,77,78,76,76,70,76,29,29,29,29,78,76,16,27,27,76,76,78,79,76,78,76,78,76
pseudo13_GW456_L13,76,76,69,32,69,75,76,69,69,69,75,76,76,76,70,76,76,76,76,75,75,50,50,72,75,76,76,75,70,76,29,29,29,29,76,76,15,27,27,76,76,76,76,76,76,76,76,76
pseudo1_N1B4,78,76,69,32,69,75,78,69,69,69,75,78,76,76,70,76,76,76,79,75,76,50,50,74,77,78,76,76,70,76,29,29,29,29,78,76,15,27,27,76,76,78,78,76,80,78,80,76
pseudo3_N2E3,76,76,69,32,69,75,76,69,69,69,75,76,76,76,70,76,76,76,77,75,75,50,50,72,75,76,76,75,70,76,29,29,29,29,76,76,15,27,27,76,76,76,76,76,78,78,78,76
pseudo5_N2C3_1,78,76,69,32,69,75,78,69,69,69,75,78,76,76,70,76,76,76,79,75,76,50,50,74,77,78,76,76,70,76,29,29,29,29,78,76,15,27,27,76,76,78,78,76,80,78,80,76
pseudo6_N2E2,76,76,69,32,69,75,76,69,69,69,75,76,76,76,70,76,76,76,76,75,75,50,50,72,75,76,76,75,70,76,29,29,29,29,76,76,15,27,27,76,76,76,76,76,76,76,76,76
