,pi,mg2,k,so4,cl,ca2,na1,cu2,zn2,mn2,cobalt2,mobd,fe2,cbl1,ni2,nh4,pnto-R,nac,thm,4abz,ribflv,pydxn,lipoate,btn,fol,bo3,cys-L,glc-D,sel,tungs,ncam,pheme,his-L,glu-L,gly,asp-L,gln-L,phe-L,ser-L,thr-L,tyr-L,val-L,pro-L,ile-L,arg-L,asn-L,ala-L,met-L,lys-L,leu-L,fe3,trp-L,al3,glyc,gua,csn,ade,ura,inost,xan,thymd,ins,etha,gsn,hxan,adn,cytd,ptrc,pydx,spmd,uri,chol,mqn8,nta,h,hco3,pipes,h2s,lac-L,lac-D,edta,f,br,sr2,rsz,cit,tris,si,ac,pyr,starch,mops,for,tricine,no3,hepes,phyllo,co3,sucr,thgl
ANA3,107,107,107,107,107,107,107,107,107,107,107,107,107,107,107,93,107,107,107,107,107,107,107,107,107,63,44,44,63,63,44,44,44,44,44,44,44,44,44,44,44,44,44,44,44,44,44,44,44,44,44,44,63,44,44,44,44,44,44,44,44,44,44,44,44,44,44,44,44,44,44,44,44,63,63,0,63,0,16,16,0,0,0,0,0,0,0,0,0,0,0,0,0,0,0,0,0,0,0,0
BFirm,113,113,113,113,113,113,113,113,113,113,113,113,113,111,113,97,111,111,111,111,111,111,111,111,111,77,36,64,77,77,36,36,36,36,36,36,36,36,36,36,36,36,36,36,36,36,36,36,36,36,36,36,77,36,36,36,36,36,36,36,36,36,36,36,36,36,36,36,36,36,36,36,36,77,77,0,77,0,0,0,0,0,0,0,0,0,0,0,0,0,0,0,0,0,0,0,0,0,0,0
Btheta,499,499,499,499,499,499,499,129,129,129,129,129,129,499,129,480,129,129,129,129,129,129,129,129,129,0,499,368,0,0,129,499,129,129,129,129,129,129,129,129,129,129,129,129,129,129,129,129,129,129,129,129,0,129,129,129,129,129,129,129,129,129,129,129,129,129,129,129,129,129,129,129,129,0,0,370,0,0,0,0,0,0,0,0,370,0,0,0,0,0,0,0,0,0,0,0,129,0,0,0
Burk376,30,30,30,30,30,30,30,30,30,30,30,30,30,30,30,30,30,30,30,30,30,30,30,30,30,30,0,0,30,30,0,0,0,0,0,0,0,0,0,0,0,0,0,0,0,0,0,0,0,0,0,0,30,0,0,0,0,0,0,0,0,0,0,0,0,0,0,0,0,0,0,0,0,30,30,0,30,0,0,0,0,0,0,0,0,0,0,0,0,0,0,0,0,0,0,0,0,0,0,0
Caulo,198,198,198,198,198,198,198,110,110,110,110,110,198,110,110,152,110,110,110,110,110,110,110,110,110,0,110,156,0,0,110,110,110,110,110,110,110,110,110,110,110,110,110,110,110,110,110,110,110,110,110,110,0,110,110,110,110,110,110,110,110,110,110,110,110,110,110,110,110,110,110,110,110,0,0,0,0,0,0,0,88,0,0,0,0,0,0,0,0,0,0,0,0,0,0,0,0,0,0,0
Cola,202,202,202,202,202,202,202,202,202,202,202,202,202,202,202,166,202,202,202,202,202,202,202,202,202,202,109,145,93,93,109,109,109,109,109,109,109,109,109,109,109,109,109,109,109,109,109,109,109,109,109,109,93,109,109,109,109,109,109,109,109,109,109,109,109,109,109,109,109,109,109,109,109,93,93,202,0,0,0,0,0,202,202,202,0,109,0,109,0,0,0,0,0,0,0,0,0,0,0,0
Cup4G11,106,106,106,106,106,106,106,106,106,106,106,106,106,106,106,83,106,106,106,106,106,106,106,106,106,65,41,41,65,65,41,41,41,41,41,41,41,41,41,41,41,41,41,41,41,41,41,41,41,41,41,41,65,41,41,41,41,41,41,41,41,41,41,41,41,41,41,41,41,41,41,41,41,65,65,0,65,0,23,23,0,0,0,0,0,0,0,0,0,40,40,0,0,0,0,0,0,0,0,0
Dda3937,24,24,24,24,24,24,24,9,9,9,9,9,9,9,9,24,9,9,9,9,9,9,9,9,9,0,9,9,0,0,9,9,9,9,9,9,9,9,9,9,9,9,9,9,9,9,9,9,9,9,9,9,0,9,9,9,9,9,9,9,9,9,9,9,9,9,9,9,9,9,9,9,9,0,0,0,0,0,0,0,0,0,0,0,0,0,0,0,0,0,3,0,0,0,0,0,0,0,3,0
Ddia6719,10,10,10,10,10,10,10,4,4,4,4,4,4,4,4,10,4,4,4,4,4,4,4,4,4,0,4,4,0,0,4,4,4,4,4,4,4,4,4,4,4,4,4,4,4,4,4,4,4,4,4,4,0,4,4,4,4,4,4,4,4,4,4,4,4,4,4,4,4,4,4,4,4,0,0,0,0,0,0,0,0,0,0,0,0,0,0,0,0,0,0,0,0,0,0,0,0,0,0,0
DdiaME23,23,23,23,23,23,23,23,8,8,8,8,8,8,8,8,23,8,8,8,8,8,8,8,8,8,0,8,8,0,0,8,8,8,8,8,8,8,8,8,8,8,8,8,8,8,8,8,8,8,8,8,8,0,8,8,8,8,8,8,8,8,8,8,8,8,8,8,8,8,8,8,8,8,0,0,0,0,0,0,0,0,0,0,0,0,0,0,0,0,0,3,0,0,0,0,0,0,0,3,0
Dino,186,186,186,186,186,186,186,186,186,186,186,186,186,186,186,150,186,186,186,186,186,186,186,186,186,186,107,107,79,79,107,107,107,107,107,107,107,107,107,107,107,107,107,107,107,107,107,107,107,107,107,107,79,107,107,107,107,107,107,107,107,107,107,107,107,107,107,107,107,107,107,107,107,79,79,186,0,0,0,0,0,186,186,186,0,107,0,107,36,0,0,0,0,0,0,0,0,0,0,0
DvH,757,757,757,757,757,757,757,757,757,757,757,732,757,703,757,632,703,703,703,703,703,703,703,703,703,757,269,269,757,727,703,269,269,269,269,269,269,269,269,269,269,269,269,269,269,269,269,269,269,269,269,269,3,269,269,269,269,269,269,269,269,269,269,269,269,269,269,269,269,269,269,269,269,3,3,0,3,751,757,757,754,0,0,0,0,3,592,0,0,0,0,0,0,0,0,162,0,0,0,0
Dyella79,68,68,68,68,68,68,68,68,68,68,68,68,68,68,68,57,68,68,68,68,68,68,68,68,68,30,38,49,30,30,38,38,38,38,38,38,38,38,38,38,38,38,38,38,38,38,38,38,38,38,38,38,30,38,38,38,38,38,38,38,38,38,38,38,38,38,38,38,38,38,38,38,38,30,30,0,30,0,0,0,0,0,0,0,0,0,0,0,0,0,0,0,0,0,0,0,0,0,0,0
HerbieS,96,96,96,96,96,96,96,96,96,96,96,96,96,94,96,95,94,94,94,94,94,94,94,94,94,65,31,44,65,65,31,31,31,31,31,31,31,31,31,31,31,31,31,31,31,31,31,31,31,31,31,31,65,31,31,31,31,31,31,31,31,31,31,31,31,31,31,31,31,31,31,31,31,65,65,0,65,0,0,0,0,0,0,0,0,0,0,0,0,18,18,0,0,0,0,0,0,0,0,0
Kang,108,108,108,108,108,108,108,108,108,108,108,108,108,108,108,108,108,108,108,108,108,108,108,108,108,108,108,108,0,0,108,108,108,108,108,108,108,108,108,108,108,108,108,108,108,108,108,108,108,108,108,108,0,108,108,108,108,108,108,108,108,108,108,108,108,108,108,108,108,108,108,108,108,0,0,108,0,0,0,0,0,108,108,108,0,108,0,108,0,0,0,0,0,0,0,0,0,0,0,0
Keio,168,168,168,164,168,164,164,76,76,76,76,76,80,70,70,136,74,70,74,74,70,70,70,70,70,12,68,96,6,6,64,64,68,68,68,68,68,68,68,68,68,68,68,68,68,68,68,68,68,68,64,68,12,64,68,68,68,68,64,64,64,64,64,64,64,64,64,64,64,64,64,64,64,6,6,0,6,0,0,0,0,0,0,0,0,0,0,0,0,0,0,6,0,6,0,0,0,0,0,0
Korea,162,162,162,162,162,162,162,162,162,162,162,162,162,150,162,154,150,150,150,150,150,150,150,150,150,47,115,123,47,47,115,115,115,115,115,115,115,115,115,115,115,115,115,115,115,115,115,115,115,115,115,115,47,115,115,115,115,115,115,115,115,115,115,115,115,115,115,115,115,115,115,115,115,47,47,0,47,0,0,0,0,0,0,0,0,0,0,0,0,0,0,0,0,0,0,0,0,0,0,0
Koxy,208,208,208,208,208,208,208,208,208,208,208,208,208,208,208,144,208,208,208,208,208,208,208,208,208,148,60,124,148,148,60,60,60,60,60,60,60,60,60,60,60,60,60,60,60,60,60,60,60,60,60,60,148,60,60,60,60,60,60,60,60,60,60,60,60,60,60,60,60,60,60,60,60,148,148,0,148,0,0,0,0,0,0,0,0,0,0,0,0,21,21,0,0,0,0,0,0,0,0,0
MR1,176,176,176,176,176,176,176,176,176,176,176,176,176,176,176,141,176,176,176,176,176,176,176,176,176,75,101,101,75,75,101,101,101,101,101,101,101,101,101,101,101,101,101,101,101,101,101,101,101,101,101,101,75,101,101,101,101,101,101,101,101,101,101,101,101,101,101,101,101,101,101,101,101,75,75,0,73,0,44,44,0,0,0,0,0,0,0,0,0,0,0,0,0,0,0,0,0,0,0,0
Magneto,36,36,36,36,36,36,36,36,36,36,36,36,36,36,36,35,36,36,36,36,36,36,36,36,36,36,35,35,36,36,35,35,35,35,35,35,35,35,35,35,35,35,35,35,35,35,35,35,35,35,36,35,36,35,35,35,35,35,35,35,35,35,35,35,35,35,35,35,35,35,35,35,35,36,36,0,0,0,0,0,0,0,0,0,36,0,0,0,35,0,0,0,0,0,36,0,0,0,0,36
Marino,255,255,255,255,255,255,255,255,255,255,255,255,255,254,255,219,254,254,254,254,254,254,254,254,254,255,159,159,96,96,159,159,159,159,159,159,159,159,159,159,159,159,159,159,159,159,159,159,159,159,159,159,96,159,159,159,159,159,159,159,159,159,159,159,159,159,159,159,159,159,159,159,159,96,96,255,0,0,6,0,0,255,255,255,0,159,0,159,13,0,0,0,0,0,0,0,0,0,0,0
Methanococcus_JJ,129,129,129,129,129,129,129,129,129,129,129,129,129,129,129,107,129,129,129,129,129,129,129,129,129,129,129,0,129,129,0,0,73,73,73,73,73,73,73,73,73,73,73,73,73,73,73,73,73,73,0,0,129,0,0,0,0,0,0,0,0,0,0,0,0,0,0,0,0,0,0,0,0,129,129,129,0,129,0,0,0,0,0,0,129,0,0,0,129,0,0,6,72,0,0,0,0,0,0,0
Methanococcus_S2,371,371,371,371,371,371,371,371,371,371,371,371,371,371,371,313,371,371,371,371,371,371,371,371,371,371,371,0,371,371,0,0,149,149,149,149,149,149,149,149,149,149,149,149,149,149,149,149,149,149,0,0,371,0,0,0,0,0,0,0,0,0,0,0,0,0,0,0,0,0,0,0,0,371,371,371,0,354,0,0,0,0,0,0,371,0,0,0,371,0,0,6,154,0,0,0,0,0,0,0
Miya,178,178,178,178,178,178,178,178,178,178,178,178,178,178,178,170,178,178,178,178,178,178,178,178,178,178,101,101,178,178,178,101,101,101,101,101,101,101,101,101,101,101,101,101,101,101,101,101,101,101,101,101,0,101,101,101,101,101,101,101,101,101,101,101,101,101,101,101,101,101,101,101,101,0,0,0,0,178,166,166,178,0,0,0,0,0,178,0,0,0,0,0,0,0,0,0,0,0,0,0
PS,79,79,79,79,79,79,79,79,79,79,79,79,79,79,79,79,79,79,79,79,79,79,79,79,79,75,47,47,75,75,47,47,47,47,47,47,47,47,47,47,47,47,47,47,47,47,47,47,47,47,47,47,75,47,47,47,47,47,47,47,47,47,47,47,47,47,47,47,47,47,47,47,47,75,75,0,0,0,43,43,0,0,0,0,0,0,0,0,43,47,4,0,0,0,0,0,0,0,0,0
PV4,160,160,160,160,160,160,160,160,160,160,160,160,160,160,160,160,160,160,160,160,160,160,160,160,160,27,133,133,27,27,133,133,133,133,133,133,133,133,133,133,133,133,133,133,133,133,133,133,133,133,133,133,27,133,133,133,133,133,133,133,133,133,133,133,133,133,133,133,133,133,133,133,133,27,27,0,27,0,3,3,0,0,0,0,0,0,0,0,0,0,0,0,0,0,0,0,0,0,0,0
Pedo557,177,177,177,177,177,177,177,177,177,177,177,177,177,177,177,134,177,177,177,177,177,177,177,177,177,78,99,142,78,78,99,99,99,99,99,99,99,99,99,99,99,99,99,99,99,99,99,99,99,99,99,99,78,99,99,99,99,99,99,99,99,99,99,99,99,99,99,99,99,99,99,99,99,78,78,0,78,0,0,0,0,0,0,0,0,0,0,0,0,99,99,0,0,0,0,0,0,0,0,0
Phaeo,274,274,274,274,274,274,274,274,274,274,274,274,274,272,274,244,272,272,272,272,272,272,272,272,272,274,137,137,137,137,137,137,137,137,137,137,137,137,137,137,137,137,137,137,137,137,137,137,137,137,137,137,137,137,137,137,137,137,137,137,137,137,137,137,137,137,137,137,137,137,137,137,137,137,137,274,0,0,8,0,0,274,274,274,0,137,0,137,0,0,0,0,0,0,0,0,0,0,30,0
Ponti,104,104,104,104,104,104,104,104,104,104,104,104,104,104,104,104,104,104,104,104,104,104,104,104,104,104,104,104,0,0,104,104,104,104,104,104,104,104,104,104,104,104,104,104,104,104,104,104,104,104,104,104,0,104,104,104,104,104,104,104,104,104,104,104,104,104,104,104,104,104,104,104,104,0,0,104,0,0,0,0,0,104,104,104,0,104,0,104,0,0,0,0,0,0,0,0,0,0,0,0
Putida,300,300,300,300,300,300,300,278,278,278,278,278,278,66,66,300,66,66,66,66,66,66,66,66,66,232,46,172,20,20,46,46,46,46,46,46,46,46,46,46,46,46,46,46,46,46,46,46,46,46,46,46,232,46,46,46,46,46,46,46,46,46,46,46,46,46,46,46,46,46,46,46,46,20,20,0,20,0,0,0,0,0,0,0,0,0,0,0,0,46,46,212,0,212,0,0,0,0,0,0
RalstoniaBSBF1503,2,2,2,2,0,0,0,0,0,0,0,0,2,0,0,2,3,3,0,0,0,0,0,0,0,0,3,3,0,0,0,0,3,3,3,3,3,3,3,3,3,3,3,3,3,3,3,3,3,3,0,3,0,0,0,0,0,0,0,0,0,0,0,0,0,0,0,0,0,0,0,0,0,0,0,0,0,0,0,0,0,0,0,0,0,0,0,0,0,0,0,0,0,0,0,0,0,0,0,0
RalstoniaGMI1000,3,3,3,3,0,0,0,0,0,0,0,0,3,0,0,3,2,2,0,0,0,0,0,0,0,0,2,2,0,0,0,0,2,2,2,2,2,2,2,2,2,2,2,2,2,2,2,2,2,2,0,2,0,0,0,0,0,0,0,0,0,0,0,0,0,0,0,0,0,0,0,0,0,0,0,0,0,0,0,0,0,0,0,0,0,0,0,0,0,0,0,0,0,0,0,0,0,0,0,0
RalstoniaPSI07,3,3,3,3,0,0,0,0,0,0,0,0,3,0,0,3,2,2,0,0,0,0,0,0,0,0,2,2,0,0,0,0,2,2,2,2,2,2,2,2,2,2,2,2,2,2,2,2,2,2,0,2,0,0,0,0,0,0,0,0,0,0,0,0,0,0,0,0,0,0,0,0,0,0,0,0,0,0,0,0,0,0,0,0,0,0,0,0,0,0,0,0,0,0,0,0,0,0,0,0
RalstoniaUW163,3,3,3,3,0,0,0,0,0,0,0,0,3,0,0,3,3,3,0,0,0,0,0,0,0,0,3,3,0,0,0,0,3,3,3,3,3,3,3,3,3,3,3,3,3,3,3,3,3,3,0,3,0,0,0,0,0,0,0,0,0,0,0,0,0,0,0,0,0,0,0,0,0,0,0,0,0,0,0,0,0,0,0,0,0,0,0,0,0,0,0,0,0,0,0,0,0,0,0,0
SB2B,190,190,190,190,190,190,190,190,190,190,190,190,190,190,190,158,190,190,190,190,190,190,190,190,190,102,88,88,102,102,88,88,88,88,88,88,88,88,88,88,88,88,88,88,88,88,88,88,88,88,88,88,102,88,88,88,88,88,88,88,88,88,88,88,88,88,88,88,88,88,88,88,88,102,102,0,102,0,38,38,0,0,0,0,0,0,0,0,0,0,0,0,0,0,0,0,0,0,0,0
Smeli,90,90,90,90,90,90,90,90,90,90,90,90,90,90,90,77,90,90,90,90,90,90,90,90,90,52,38,57,52,52,38,38,38,38,38,38,38,38,38,38,38,38,38,38,38,38,38,38,38,38,38,38,52,38,38,38,38,38,38,38,38,38,38,38,38,38,38,38,38,38,38,38,38,52,52,0,52,0,0,0,0,0,0,0,0,0,0,0,0,0,0,0,0,0,0,0,0,0,0,0
SynE,129,129,129,129,129,129,129,129,129,129,129,129,0,0,0,129,0,0,0,0,0,0,0,0,0,129,0,0,0,0,0,0,0,0,0,0,0,0,0,0,0,0,0,0,0,0,0,0,0,0,129,0,0,0,0,0,0,0,0,0,0,0,0,0,0,0,0,0,0,0,0,0,0,0,0,0,0,0,0,0,129,0,0,0,0,129,0,0,0,0,0,0,0,0,129,0,0,129,0,0
SyringaeB728a,23,23,23,23,0,0,0,0,0,0,0,0,0,0,0,0,23,23,0,0,0,0,0,0,0,0,23,0,0,0,0,0,23,23,23,23,23,23,23,23,23,23,23,23,23,23,23,23,23,23,0,23,0,23,0,0,0,0,0,0,0,0,0,0,0,0,0,0,0,0,0,0,0,0,0,0,0,0,0,0,0,0,0,0,0,0,0,0,0,0,0,0,0,0,0,0,0,0,0,0
SyringaeB728a_mexBdelta,23,23,23,23,0,0,0,0,0,0,0,0,0,0,0,0,23,23,0,0,0,0,0,0,0,0,23,0,0,0,0,0,23,23,23,23,23,23,23,23,23,23,23,23,23,23,23,23,23,23,0,23,0,23,0,0,0,0,0,0,0,0,0,0,0,0,0,0,0,0,0,0,0,0,0,0,0,0,0,0,0,0,0,0,0,0,0,0,0,0,0,0,0,0,0,0,0,0,0,0
WCS417,201,201,201,201,201,201,201,201,201,201,201,201,201,201,201,190,201,201,201,201,201,201,201,201,201,127,74,85,127,127,74,74,74,74,74,74,74,74,74,74,74,74,74,74,74,74,74,74,74,74,74,74,127,74,74,74,74,74,74,74,74,74,74,74,74,74,74,74,74,74,74,74,74,127,127,0,127,0,0,0,0,0,0,0,0,0,0,0,0,29,29,0,0,0,0,0,0,0,0,0
acidovorax_3H11,140,140,140,140,140,140,140,140,140,140,140,140,140,140,140,126,140,140,140,140,140,140,140,140,140,55,85,99,55,55,85,85,85,85,85,85,85,85,85,85,85,85,85,85,85,85,85,85,85,85,85,85,55,85,85,85,85,85,85,85,85,85,85,85,85,85,85,85,85,85,85,85,85,55,55,0,55,0,0,0,0,0,0,0,0,0,0,0,0,3,3,0,0,0,0,0,0,0,0,0
azobra,91,91,91,91,91,91,91,91,91,91,91,91,91,91,91,56,91,91,91,91,91,91,91,91,91,64,27,27,64,64,27,27,27,27,27,27,27,27,27,27,27,27,27,27,27,27,27,27,27,27,27,27,64,27,27,27,27,27,27,27,27,27,27,27,27,27,27,27,27,27,27,27,27,64,64,0,64,0,35,35,0,0,0,0,0,0,0,0,0,0,0,0,0,0,0,0,0,0,0,0
psRCH2,314,314,314,314,314,314,314,314,314,314,314,314,314,312,314,261,312,312,312,312,312,312,312,312,312,176,165,183,176,176,165,165,165,165,165,165,165,165,165,165,165,165,165,165,165,165,165,165,165,165,165,165,176,165,165,165,165,165,165,165,165,165,165,165,165,165,165,165,165,165,165,165,165,176,176,0,176,0,92,92,0,0,0,0,0,0,0,0,0,0,0,0,0,0,21,0,0,0,0,0
pseudo13_GW456_L13,106,106,106,106,106,106,106,106,106,106,106,106,106,106,106,78,106,106,106,106,106,106,106,106,106,77,29,57,77,77,29,29,29,29,29,29,29,29,29,29,29,29,29,29,29,29,29,29,29,29,29,29,77,29,29,29,29,29,29,29,29,29,29,29,29,29,29,29,29,29,29,29,29,77,77,0,77,0,0,0,0,0,0,0,0,0,0,0,0,0,0,0,0,0,0,0,0,0,0,0
pseudo1_N1B4,147,147,147,147,147,147,147,147,147,147,147,147,147,147,147,126,147,147,147,147,147,147,147,147,147,87,60,71,87,87,60,60,60,60,60,60,60,60,60,60,60,60,60,60,60,60,60,60,60,60,60,60,87,60,60,60,60,60,60,60,60,60,60,60,60,60,60,60,60,60,60,60,60,87,87,0,83,0,16,16,0,0,0,0,0,0,0,0,0,0,0,0,0,0,0,0,0,0,0,0
pseudo3_N2E3,211,211,211,211,211,211,211,211,211,211,211,211,211,211,211,173,211,211,211,211,211,211,211,211,211,127,84,129,127,127,84,84,84,84,84,84,84,84,84,84,84,84,84,84,84,84,84,84,84,84,84,84,127,84,84,84,84,84,84,84,84,84,84,84,84,84,84,84,84,84,84,84,84,127,127,0,121,0,0,0,0,0,0,0,0,0,0,0,0,0,0,0,0,0,0,0,0,0,0,0
pseudo5_N2C3_1,184,184,184,184,184,184,184,184,184,184,184,184,184,184,184,165,184,184,184,184,184,184,184,184,184,112,72,98,112,112,72,72,72,72,72,72,72,72,72,72,72,72,72,72,72,72,72,72,72,72,72,72,112,72,72,72,72,72,72,72,72,72,72,72,72,72,72,72,72,72,72,72,72,112,112,0,107,0,1,1,0,0,0,0,0,0,0,0,0,0,0,0,0,0,0,0,0,0,0,0
pseudo6_N2E2,188,188,188,188,188,188,188,188,188,188,188,188,188,186,188,139,186,186,186,186,186,186,186,186,186,130,58,111,130,130,58,58,58,58,58,58,58,58,58,58,58,58,58,58,58,58,58,58,58,58,58,58,130,58,58,58,58,58,58,58,58,58,58,58,58,58,58,58,58,58,58,58,58,130,130,0,130,0,0,0,0,0,0,0,0,0,0,0,0,0,0,0,0,0,0,0,0,0,0,0
